category,subcategory,item_group,item_name,unit,description,tags,source
Preliminaries & General,Temporary Facilities & Site Setup,Temporary Fencing & Hoarding,Temporary Fencing & Hoarding - Hoarding panel 2.4m,meter,,temporary;site,"Derived from common Singapore practice (BCA CDE Data Standard, iNPQS references) and international classification standards (ISO 6707, Uniclass 2015, OmniClass, MasterFormat)."
Preliminaries & General,Temporary Facilities & Site Setup,Temporary Fencing & Hoarding,Temporary Fencing & Hoarding - Hoarding panel 3.0m,meter,,temporary;site,"Derived from common Singapore practice (BCA CDE Data Standard, iNPQS references) and international classification standards (ISO 6707, Uniclass 2015, OmniClass, MasterFormat)."
Preliminaries & General,Temporary Facilities & Site Setup,Temporary Fencing & Hoarding,Temporary Fencing & Hoarding - Steel fence panel 2.4m,meter,,temporary;site,"Derived from common Singapore practice (BCA CDE Data Standard, iNPQS references) and international classification standards (ISO 6707, Uniclass 2015, OmniClass, MasterFormat)."
Preliminaries & General,Temporary Facilities & Site Setup,Site Signage,Site Signage - Safety sign - PPE required,each,,temporary;safety,"Derived from common Singapore practice (BCA CDE Data Standard, iNPQS references) and international classification standards (ISO 6707, Uniclass 2015, OmniClass, MasterFormat)."
Preliminaries & General,Temporary Facilities & Site Setup,Site Signage,Site Signage - Warning sign - Authorized personnel,each,,temporary;safety,"Derived from common Singapore practice (BCA CDE Data Standard, iNPQS references) and international classification standards (ISO 6707, Uniclass 2015, OmniClass, MasterFormat)."
Preliminaries & General,Temporary Facilities & Site Setup,Site Signage,Site Signage - Directional sign - Site office,each,,temporary;safety,"Derived from common Singapore practice (BCA CDE Data Standard, iNPQS references) and international classification standards (ISO 6707, Uniclass 2015, OmniClass, MasterFormat)."
Earthworks & Ground Improvement,Fill & Backfill Materials,Sand,Sand - Washed sand,cubic_meter,,earthworks;fill,"Derived from common Singapore practice (BCA CDE Data Standard, iNPQS references) and international classification standards (ISO 6707, Uniclass 2015, OmniClass, MasterFormat)."
Earthworks & Ground Improvement,Fill & Backfill Materials,Sand,Sand - River sand,cubic_meter,,earthworks;fill,"Derived from common Singapore practice (BCA CDE Data Standard, iNPQS references) and international classification standards (ISO 6707, Uniclass 2015, OmniClass, MasterFormat)."
Earthworks & Ground Improvement,Fill & Backfill Materials,Sand,Sand - Fill sand,cubic_meter,,earthworks;fill,"Derived from common Singapore practice (BCA CDE Data Standard, iNPQS references) and international classification standards (ISO 6707, Uniclass 2015, OmniClass, MasterFormat)."
Earthworks & Ground Improvement,Fill & Backfill Materials,Gravel,Gravel - 10mm gravel,cubic_meter,,earthworks;fill,"Derived from common Singapore practice (BCA CDE Data Standard, iNPQS references) and international classification standards (ISO 6707, Uniclass 2015, OmniClass, MasterFormat)."
Earthworks & Ground Improvement,Fill & Backfill Materials,Gravel,Gravel - 20mm gravel,cubic_meter,,earthworks;fill,"Derived from common Singapore practice (BCA CDE Data Standard, iNPQS references) and international classification standards (ISO 6707, Uniclass 2015, OmniClass, MasterFormat)."
Earthworks & Ground Improvement,Fill & Backfill Materials,Gravel,Gravel - 40mm gravel,cubic_meter,,earthworks;fill,"Derived from common Singapore practice (BCA CDE Data Standard, iNPQS references) and international classification standards (ISO 6707, Uniclass 2015, OmniClass, MasterFormat)."
Earthworks & Ground Improvement,Fill & Backfill Materials,Crushed Rock,Crushed Rock - Crusher run,cubic_meter,,earthworks;fill,"Derived from common Singapore practice (BCA CDE Data Standard, iNPQS references) and international classification standards (ISO 6707, Uniclass 2015, OmniClass, MasterFormat)."
Earthworks & Ground Improvement,Fill & Backfill Materials,Crushed Rock,Crushed Rock - 20mm crushed rock,cubic_meter,,earthworks;fill,"Derived from common Singapore practice (BCA CDE Data Standard, iNPQS references) and international classification standards (ISO 6707, Uniclass 2015, OmniClass, MasterFormat)."
Earthworks & Ground Improvement,Fill & Backfill Materials,Crushed Rock,Crushed Rock - 40mm crushed rock,cubic_meter,,earthworks;fill,"Derived from common Singapore practice (BCA CDE Data Standard, iNPQS references) and international classification standards (ISO 6707, Uniclass 2015, OmniClass, MasterFormat)."
Earthworks & Ground Improvement,Fill & Backfill Materials,Topsoil,Topsoil - Screened topsoil,cubic_meter,,landscaping;soil,"Derived from common Singapore practice (BCA CDE Data Standard, iNPQS references) and international classification standards (ISO 6707, Uniclass 2015, OmniClass, MasterFormat)."
Earthworks & Ground Improvement,Fill & Backfill Materials,Topsoil,Topsoil - Planting topsoil,cubic_meter,,landscaping;soil,"Derived from common Singapore practice (BCA CDE Data Standard, iNPQS references) and international classification standards (ISO 6707, Uniclass 2015, OmniClass, MasterFormat)."
Earthworks & Ground Improvement,Geosynthetics & Stabilization,Geotextile,Geotextile - Nonwoven 150gsm,square_meter,,geosynthetics;stabilization,"Derived from common Singapore practice (BCA CDE Data Standard, iNPQS references) and international classification standards (ISO 6707, Uniclass 2015, OmniClass, MasterFormat)."
Earthworks & Ground Improvement,Geosynthetics & Stabilization,Geotextile,Geotextile - Nonwoven 200gsm,square_meter,,geosynthetics;stabilization,"Derived from common Singapore practice (BCA CDE Data Standard, iNPQS references) and international classification standards (ISO 6707, Uniclass 2015, OmniClass, MasterFormat)."
Earthworks & Ground Improvement,Geosynthetics & Stabilization,Geotextile,Geotextile - Nonwoven 300gsm,square_meter,,geosynthetics;stabilization,"Derived from common Singapore practice (BCA CDE Data Standard, iNPQS references) and international classification standards (ISO 6707, Uniclass 2015, OmniClass, MasterFormat)."
Earthworks & Ground Improvement,Geosynthetics & Stabilization,Geotextile,Geotextile - Woven 200gsm,square_meter,,geosynthetics;stabilization,"Derived from common Singapore practice (BCA CDE Data Standard, iNPQS references) and international classification standards (ISO 6707, Uniclass 2015, OmniClass, MasterFormat)."
Earthworks & Ground Improvement,Geosynthetics & Stabilization,Geogrid,Geogrid - 30/30 kN geogrid,square_meter,,geosynthetics;stabilization,"Derived from common Singapore practice (BCA CDE Data Standard, iNPQS references) and international classification standards (ISO 6707, Uniclass 2015, OmniClass, MasterFormat)."
Earthworks & Ground Improvement,Geosynthetics & Stabilization,Geogrid,Geogrid - 40/40 kN geogrid,square_meter,,geosynthetics;stabilization,"Derived from common Singapore practice (BCA CDE Data Standard, iNPQS references) and international classification standards (ISO 6707, Uniclass 2015, OmniClass, MasterFormat)."
Earthworks & Ground Improvement,Geosynthetics & Stabilization,Geogrid,Geogrid - 60/60 kN geogrid,square_meter,,geosynthetics;stabilization,"Derived from common Singapore practice (BCA CDE Data Standard, iNPQS references) and international classification standards (ISO 6707, Uniclass 2015, OmniClass, MasterFormat)."
Earthworks & Ground Improvement,Geosynthetics & Stabilization,Geocell,Geocell - 100mm geocell,square_meter,,geosynthetics;stabilization,"Derived from common Singapore practice (BCA CDE Data Standard, iNPQS references) and international classification standards (ISO 6707, Uniclass 2015, OmniClass, MasterFormat)."
Earthworks & Ground Improvement,Geosynthetics & Stabilization,Geocell,Geocell - 150mm geocell,square_meter,,geosynthetics;stabilization,"Derived from common Singapore practice (BCA CDE Data Standard, iNPQS references) and international classification standards (ISO 6707, Uniclass 2015, OmniClass, MasterFormat)."
Earthworks & Ground Improvement,Geosynthetics & Stabilization,Geocell,Geocell - 200mm geocell,square_meter,,geosynthetics;stabilization,"Derived from common Singapore practice (BCA CDE Data Standard, iNPQS references) and international classification standards (ISO 6707, Uniclass 2015, OmniClass, MasterFormat)."
Earthworks & Ground Improvement,Erosion Control,Erosion Control Blanket,Erosion Control Blanket - 400gsm blanket,square_meter,,erosion;temporary,"Derived from common Singapore practice (BCA CDE Data Standard, iNPQS references) and international classification standards (ISO 6707, Uniclass 2015, OmniClass, MasterFormat)."
Earthworks & Ground Improvement,Erosion Control,Erosion Control Blanket,Erosion Control Blanket - 700gsm blanket,square_meter,,erosion;temporary,"Derived from common Singapore practice (BCA CDE Data Standard, iNPQS references) and international classification standards (ISO 6707, Uniclass 2015, OmniClass, MasterFormat)."
Earthworks & Ground Improvement,Erosion Control,Silt Fence Fabric,Silt Fence Fabric - Standard silt fence fabric,square_meter,,erosion;temporary,"Derived from common Singapore practice (BCA CDE Data Standard, iNPQS references) and international classification standards (ISO 6707, Uniclass 2015, OmniClass, MasterFormat)."
Earthworks & Ground Improvement,Erosion Control,Coir Logs,Coir Logs - Coir log 200mm,meter,,erosion;temporary,"Derived from common Singapore practice (BCA CDE Data Standard, iNPQS references) and international classification standards (ISO 6707, Uniclass 2015, OmniClass, MasterFormat)."
Earthworks & Ground Improvement,Erosion Control,Coir Logs,Coir Logs - Coir log 300mm,meter,,erosion;temporary,"Derived from common Singapore practice (BCA CDE Data Standard, iNPQS references) and international classification standards (ISO 6707, Uniclass 2015, OmniClass, MasterFormat)."
Substructure & Piling,Piling Materials,Precast Concrete Piles,Precast Concrete Piles - 250x250 pile,meter,,piling,"Derived from common Singapore practice (BCA CDE Data Standard, iNPQS references) and international classification standards (ISO 6707, Uniclass 2015, OmniClass, MasterFormat)."
Substructure & Piling,Piling Materials,Precast Concrete Piles,Precast Concrete Piles - 300x300 pile,meter,,piling,"Derived from common Singapore practice (BCA CDE Data Standard, iNPQS references) and international classification standards (ISO 6707, Uniclass 2015, OmniClass, MasterFormat)."
Substructure & Piling,Piling Materials,Precast Concrete Piles,Precast Concrete Piles - 350x350 pile,meter,,piling,"Derived from common Singapore practice (BCA CDE Data Standard, iNPQS references) and international classification standards (ISO 6707, Uniclass 2015, OmniClass, MasterFormat)."
Substructure & Piling,Piling Materials,Precast Concrete Piles,Precast Concrete Piles - 400x400 pile,meter,,piling,"Derived from common Singapore practice (BCA CDE Data Standard, iNPQS references) and international classification standards (ISO 6707, Uniclass 2015, OmniClass, MasterFormat)."
Substructure & Piling,Piling Materials,Steel H Piles,Steel H Piles - H200,meter,,piling,"Derived from common Singapore practice (BCA CDE Data Standard, iNPQS references) and international classification standards (ISO 6707, Uniclass 2015, OmniClass, MasterFormat)."
Substructure & Piling,Piling Materials,Steel H Piles,Steel H Piles - H250,meter,,piling,"Derived from common Singapore practice (BCA CDE Data Standard, iNPQS references) and international classification standards (ISO 6707, Uniclass 2015, OmniClass, MasterFormat)."
Substructure & Piling,Piling Materials,Steel H Piles,Steel H Piles - H300,meter,,piling,"Derived from common Singapore practice (BCA CDE Data Standard, iNPQS references) and international classification standards (ISO 6707, Uniclass 2015, OmniClass, MasterFormat)."
Substructure & Piling,Piling Materials,Steel H Piles,Steel H Piles - H350,meter,,piling,"Derived from common Singapore practice (BCA CDE Data Standard, iNPQS references) and international classification standards (ISO 6707, Uniclass 2015, OmniClass, MasterFormat)."
Substructure & Piling,Piling Materials,Steel Sheet Piles,Steel Sheet Piles - U-type sheet pile,meter,,piling,"Derived from common Singapore practice (BCA CDE Data Standard, iNPQS references) and international classification standards (ISO 6707, Uniclass 2015, OmniClass, MasterFormat)."
Substructure & Piling,Piling Materials,Steel Sheet Piles,Steel Sheet Piles - Z-type sheet pile,meter,,piling,"Derived from common Singapore practice (BCA CDE Data Standard, iNPQS references) and international classification standards (ISO 6707, Uniclass 2015, OmniClass, MasterFormat)."
Substructure & Piling,Piling Materials,Pile Shoes,Pile Shoes - Pile shoe 250,each,,piling,"Derived from common Singapore practice (BCA CDE Data Standard, iNPQS references) and international classification standards (ISO 6707, Uniclass 2015, OmniClass, MasterFormat)."
Substructure & Piling,Piling Materials,Pile Shoes,Pile Shoes - Pile shoe 300,each,,piling,"Derived from common Singapore practice (BCA CDE Data Standard, iNPQS references) and international classification standards (ISO 6707, Uniclass 2015, OmniClass, MasterFormat)."
Substructure & Piling,Piling Materials,Pile Shoes,Pile Shoes - Pile shoe 350,each,,piling,"Derived from common Singapore practice (BCA CDE Data Standard, iNPQS references) and international classification standards (ISO 6707, Uniclass 2015, OmniClass, MasterFormat)."
Substructure & Piling,Piling Materials,Pile Shoes,Pile Shoes - Pile shoe 400,each,,piling,"Derived from common Singapore practice (BCA CDE Data Standard, iNPQS references) and international classification standards (ISO 6707, Uniclass 2015, OmniClass, MasterFormat)."
Substructure & Piling,Foundation Ancillaries,Blinding Concrete,Blinding Concrete - Blinding concrete C10/12,cubic_meter,,foundation;concrete,"Derived from common Singapore practice (BCA CDE Data Standard, iNPQS references) and international classification standards (ISO 6707, Uniclass 2015, OmniClass, MasterFormat)."
Concrete & Reinforcement,Ready-Mix Concrete,Concrete Grade,Concrete Grade - C15/20,cubic_meter,,concrete;ready-mix,"Derived from common Singapore practice (BCA CDE Data Standard, iNPQS references) and international classification standards (ISO 6707, Uniclass 2015, OmniClass, MasterFormat)."
Concrete & Reinforcement,Ready-Mix Concrete,Concrete Grade,Concrete Grade - C20/25,cubic_meter,,concrete;ready-mix,"Derived from common Singapore practice (BCA CDE Data Standard, iNPQS references) and international classification standards (ISO 6707, Uniclass 2015, OmniClass, MasterFormat)."
Concrete & Reinforcement,Ready-Mix Concrete,Concrete Grade,Concrete Grade - C25/30,cubic_meter,,concrete;ready-mix,"Derived from common Singapore practice (BCA CDE Data Standard, iNPQS references) and international classification standards (ISO 6707, Uniclass 2015, OmniClass, MasterFormat)."
Concrete & Reinforcement,Ready-Mix Concrete,Concrete Grade,Concrete Grade - C30/37,cubic_meter,,concrete;ready-mix,"Derived from common Singapore practice (BCA CDE Data Standard, iNPQS references) and international classification standards (ISO 6707, Uniclass 2015, OmniClass, MasterFormat)."
Concrete & Reinforcement,Ready-Mix Concrete,Concrete Grade,Concrete Grade - C35/45,cubic_meter,,concrete;ready-mix,"Derived from common Singapore practice (BCA CDE Data Standard, iNPQS references) and international classification standards (ISO 6707, Uniclass 2015, OmniClass, MasterFormat)."
Concrete & Reinforcement,Ready-Mix Concrete,Concrete Grade,Concrete Grade - C40/50,cubic_meter,,concrete;ready-mix,"Derived from common Singapore practice (BCA CDE Data Standard, iNPQS references) and international classification standards (ISO 6707, Uniclass 2015, OmniClass, MasterFormat)."
Concrete & Reinforcement,Ready-Mix Concrete,Concrete Grade,Concrete Grade - C45/55,cubic_meter,,concrete;ready-mix,"Derived from common Singapore practice (BCA CDE Data Standard, iNPQS references) and international classification standards (ISO 6707, Uniclass 2015, OmniClass, MasterFormat)."
Concrete & Reinforcement,Ready-Mix Concrete,Concrete Grade,Concrete Grade - C50/60,cubic_meter,,concrete;ready-mix,"Derived from common Singapore practice (BCA CDE Data Standard, iNPQS references) and international classification standards (ISO 6707, Uniclass 2015, OmniClass, MasterFormat)."
Concrete & Reinforcement,Cement & Admixtures,Cement,Cement - OPC 50kg,bag,,concrete,"Derived from common Singapore practice (BCA CDE Data Standard, iNPQS references) and international classification standards (ISO 6707, Uniclass 2015, OmniClass, MasterFormat)."
Concrete & Reinforcement,Cement & Admixtures,Cement,Cement - Rapid hardening 50kg,bag,,concrete,"Derived from common Singapore practice (BCA CDE Data Standard, iNPQS references) and international classification standards (ISO 6707, Uniclass 2015, OmniClass, MasterFormat)."
Concrete & Reinforcement,Cement & Admixtures,Cement,Cement - Blended cement 50kg,bag,,concrete,"Derived from common Singapore practice (BCA CDE Data Standard, iNPQS references) and international classification standards (ISO 6707, Uniclass 2015, OmniClass, MasterFormat)."
Concrete & Reinforcement,Cement & Admixtures,Concrete Admixture,Concrete Admixture - Plasticizer,liter,,concrete,"Derived from common Singapore practice (BCA CDE Data Standard, iNPQS references) and international classification standards (ISO 6707, Uniclass 2015, OmniClass, MasterFormat)."
Concrete & Reinforcement,Cement & Admixtures,Concrete Admixture,Concrete Admixture - Superplasticizer,liter,,concrete,"Derived from common Singapore practice (BCA CDE Data Standard, iNPQS references) and international classification standards (ISO 6707, Uniclass 2015, OmniClass, MasterFormat)."
Concrete & Reinforcement,Cement & Admixtures,Concrete Admixture,Concrete Admixture - Retarder,liter,,concrete,"Derived from common Singapore practice (BCA CDE Data Standard, iNPQS references) and international classification standards (ISO 6707, Uniclass 2015, OmniClass, MasterFormat)."
Concrete & Reinforcement,Cement & Admixtures,Concrete Admixture,Concrete Admixture - Accelerator,liter,,concrete,"Derived from common Singapore practice (BCA CDE Data Standard, iNPQS references) and international classification standards (ISO 6707, Uniclass 2015, OmniClass, MasterFormat)."
Concrete & Reinforcement,Cement & Admixtures,Concrete Admixture,Concrete Admixture - Waterproofing admixture,liter,,concrete,"Derived from common Singapore practice (BCA CDE Data Standard, iNPQS references) and international classification standards (ISO 6707, Uniclass 2015, OmniClass, MasterFormat)."
Concrete & Reinforcement,Reinforcement,Rebar,Rebar - 10mm,ton,,reinforcement,"Derived from common Singapore practice (BCA CDE Data Standard, iNPQS references) and international classification standards (ISO 6707, Uniclass 2015, OmniClass, MasterFormat)."
Concrete & Reinforcement,Reinforcement,Rebar,Rebar - 12mm,ton,,reinforcement,"Derived from common Singapore practice (BCA CDE Data Standard, iNPQS references) and international classification standards (ISO 6707, Uniclass 2015, OmniClass, MasterFormat)."
Concrete & Reinforcement,Reinforcement,Rebar,Rebar - 16mm,ton,,reinforcement,"Derived from common Singapore practice (BCA CDE Data Standard, iNPQS references) and international classification standards (ISO 6707, Uniclass 2015, OmniClass, MasterFormat)."
Concrete & Reinforcement,Reinforcement,Rebar,Rebar - 20mm,ton,,reinforcement,"Derived from common Singapore practice (BCA CDE Data Standard, iNPQS references) and international classification standards (ISO 6707, Uniclass 2015, OmniClass, MasterFormat)."
Concrete & Reinforcement,Reinforcement,Rebar,Rebar - 25mm,ton,,reinforcement,"Derived from common Singapore practice (BCA CDE Data Standard, iNPQS references) and international classification standards (ISO 6707, Uniclass 2015, OmniClass, MasterFormat)."
Concrete & Reinforcement,Reinforcement,Rebar,Rebar - 32mm,ton,,reinforcement,"Derived from common Singapore practice (BCA CDE Data Standard, iNPQS references) and international classification standards (ISO 6707, Uniclass 2015, OmniClass, MasterFormat)."
Concrete & Reinforcement,Reinforcement,Rebar,Rebar - 40mm,ton,,reinforcement,"Derived from common Singapore practice (BCA CDE Data Standard, iNPQS references) and international classification standards (ISO 6707, Uniclass 2015, OmniClass, MasterFormat)."
Concrete & Reinforcement,Reinforcement,Welded Mesh,Welded Mesh - A142,sheet,,reinforcement,"Derived from common Singapore practice (BCA CDE Data Standard, iNPQS references) and international classification standards (ISO 6707, Uniclass 2015, OmniClass, MasterFormat)."
Concrete & Reinforcement,Reinforcement,Welded Mesh,Welded Mesh - A193,sheet,,reinforcement,"Derived from common Singapore practice (BCA CDE Data Standard, iNPQS references) and international classification standards (ISO 6707, Uniclass 2015, OmniClass, MasterFormat)."
Concrete & Reinforcement,Reinforcement,Welded Mesh,Welded Mesh - A252,sheet,,reinforcement,"Derived from common Singapore practice (BCA CDE Data Standard, iNPQS references) and international classification standards (ISO 6707, Uniclass 2015, OmniClass, MasterFormat)."
Concrete & Reinforcement,Reinforcement,Welded Mesh,Welded Mesh - A393,sheet,,reinforcement,"Derived from common Singapore practice (BCA CDE Data Standard, iNPQS references) and international classification standards (ISO 6707, Uniclass 2015, OmniClass, MasterFormat)."
Concrete & Reinforcement,Formwork,Formwork Plywood,Formwork Plywood - 12mm,sheet,,formwork,"Derived from common Singapore practice (BCA CDE Data Standard, iNPQS references) and international classification standards (ISO 6707, Uniclass 2015, OmniClass, MasterFormat)."
Concrete & Reinforcement,Formwork,Formwork Plywood,Formwork Plywood - 18mm,sheet,,formwork,"Derived from common Singapore practice (BCA CDE Data Standard, iNPQS references) and international classification standards (ISO 6707, Uniclass 2015, OmniClass, MasterFormat)."
Concrete & Reinforcement,Formwork,Formwork Plywood,Formwork Plywood - 21mm,sheet,,formwork,"Derived from common Singapore practice (BCA CDE Data Standard, iNPQS references) and international classification standards (ISO 6707, Uniclass 2015, OmniClass, MasterFormat)."
Concrete & Reinforcement,Formwork,Formwork Accessories,Formwork Accessories - Tie rod 15mm,each,,formwork,"Derived from common Singapore practice (BCA CDE Data Standard, iNPQS references) and international classification standards (ISO 6707, Uniclass 2015, OmniClass, MasterFormat)."
Concrete & Reinforcement,Formwork,Formwork Accessories,Formwork Accessories - Wing nut 15mm,each,,formwork,"Derived from common Singapore practice (BCA CDE Data Standard, iNPQS references) and international classification standards (ISO 6707, Uniclass 2015, OmniClass, MasterFormat)."
Concrete & Reinforcement,Formwork,Formwork Accessories,Formwork Accessories - Cone 15mm,each,,formwork,"Derived from common Singapore practice (BCA CDE Data Standard, iNPQS references) and international classification standards (ISO 6707, Uniclass 2015, OmniClass, MasterFormat)."
Concrete & Reinforcement,Formwork,Formwork Accessories,Formwork Accessories - Form oil 20L,each,,formwork,"Derived from common Singapore practice (BCA CDE Data Standard, iNPQS references) and international classification standards (ISO 6707, Uniclass 2015, OmniClass, MasterFormat)."
Structural Steel,Structural Sections,Universal Beams (UB),Universal Beams (UB) - 203x102x23,ton,,steel,"Derived from common Singapore practice (BCA CDE Data Standard, iNPQS references) and international classification standards (ISO 6707, Uniclass 2015, OmniClass, MasterFormat)."
Structural Steel,Structural Sections,Universal Beams (UB),Universal Beams (UB) - 254x146x31,ton,,steel,"Derived from common Singapore practice (BCA CDE Data Standard, iNPQS references) and international classification standards (ISO 6707, Uniclass 2015, OmniClass, MasterFormat)."
Structural Steel,Structural Sections,Universal Beams (UB),Universal Beams (UB) - 254x146x37,ton,,steel,"Derived from common Singapore practice (BCA CDE Data Standard, iNPQS references) and international classification standards (ISO 6707, Uniclass 2015, OmniClass, MasterFormat)."
Structural Steel,Structural Sections,Universal Beams (UB),Universal Beams (UB) - 305x165x40,ton,,steel,"Derived from common Singapore practice (BCA CDE Data Standard, iNPQS references) and international classification standards (ISO 6707, Uniclass 2015, OmniClass, MasterFormat)."
Structural Steel,Structural Sections,Universal Beams (UB),Universal Beams (UB) - 356x171x51,ton,,steel,"Derived from common Singapore practice (BCA CDE Data Standard, iNPQS references) and international classification standards (ISO 6707, Uniclass 2015, OmniClass, MasterFormat)."
Structural Steel,Structural Sections,Universal Beams (UB),Universal Beams (UB) - 406x178x60,ton,,steel,"Derived from common Singapore practice (BCA CDE Data Standard, iNPQS references) and international classification standards (ISO 6707, Uniclass 2015, OmniClass, MasterFormat)."
Structural Steel,Structural Sections,Universal Beams (UB),Universal Beams (UB) - 457x191x67,ton,,steel,"Derived from common Singapore practice (BCA CDE Data Standard, iNPQS references) and international classification standards (ISO 6707, Uniclass 2015, OmniClass, MasterFormat)."
Structural Steel,Structural Sections,Universal Beams (UB),Universal Beams (UB) - 533x210x82,ton,,steel,"Derived from common Singapore practice (BCA CDE Data Standard, iNPQS references) and international classification standards (ISO 6707, Uniclass 2015, OmniClass, MasterFormat)."
Structural Steel,Structural Sections,Universal Columns (UC),Universal Columns (UC) - 203x203x46,ton,,steel,"Derived from common Singapore practice (BCA CDE Data Standard, iNPQS references) and international classification standards (ISO 6707, Uniclass 2015, OmniClass, MasterFormat)."
Structural Steel,Structural Sections,Universal Columns (UC),Universal Columns (UC) - 254x254x73,ton,,steel,"Derived from common Singapore practice (BCA CDE Data Standard, iNPQS references) and international classification standards (ISO 6707, Uniclass 2015, OmniClass, MasterFormat)."
Structural Steel,Structural Sections,Universal Columns (UC),Universal Columns (UC) - 305x305x97,ton,,steel,"Derived from common Singapore practice (BCA CDE Data Standard, iNPQS references) and international classification standards (ISO 6707, Uniclass 2015, OmniClass, MasterFormat)."
Structural Steel,Structural Sections,Universal Columns (UC),Universal Columns (UC) - 356x368x129,ton,,steel,"Derived from common Singapore practice (BCA CDE Data Standard, iNPQS references) and international classification standards (ISO 6707, Uniclass 2015, OmniClass, MasterFormat)."
Structural Steel,Structural Sections,Universal Columns (UC),Universal Columns (UC) - 406x406x178,ton,,steel,"Derived from common Singapore practice (BCA CDE Data Standard, iNPQS references) and international classification standards (ISO 6707, Uniclass 2015, OmniClass, MasterFormat)."
Structural Steel,Structural Sections,Channels,Channels - 100x50,ton,,steel,"Derived from common Singapore practice (BCA CDE Data Standard, iNPQS references) and international classification standards (ISO 6707, Uniclass 2015, OmniClass, MasterFormat)."
Structural Steel,Structural Sections,Channels,Channels - 150x75,ton,,steel,"Derived from common Singapore practice (BCA CDE Data Standard, iNPQS references) and international classification standards (ISO 6707, Uniclass 2015, OmniClass, MasterFormat)."
Structural Steel,Structural Sections,Channels,Channels - 200x75,ton,,steel,"Derived from common Singapore practice (BCA CDE Data Standard, iNPQS references) and international classification standards (ISO 6707, Uniclass 2015, OmniClass, MasterFormat)."
Structural Steel,Structural Sections,Channels,Channels - 250x90,ton,,steel,"Derived from common Singapore practice (BCA CDE Data Standard, iNPQS references) and international classification standards (ISO 6707, Uniclass 2015, OmniClass, MasterFormat)."
Structural Steel,Structural Sections,Channels,Channels - 300x100,ton,,steel,"Derived from common Singapore practice (BCA CDE Data Standard, iNPQS references) and international classification standards (ISO 6707, Uniclass 2015, OmniClass, MasterFormat)."
Structural Steel,Structural Sections,Angles,Angles - 50x50x5,ton,,steel,"Derived from common Singapore practice (BCA CDE Data Standard, iNPQS references) and international classification standards (ISO 6707, Uniclass 2015, OmniClass, MasterFormat)."
Structural Steel,Structural Sections,Angles,Angles - 65x65x6,ton,,steel,"Derived from common Singapore practice (BCA CDE Data Standard, iNPQS references) and international classification standards (ISO 6707, Uniclass 2015, OmniClass, MasterFormat)."
Structural Steel,Structural Sections,Angles,Angles - 75x75x8,ton,,steel,"Derived from common Singapore practice (BCA CDE Data Standard, iNPQS references) and international classification standards (ISO 6707, Uniclass 2015, OmniClass, MasterFormat)."
Structural Steel,Structural Sections,Angles,Angles - 90x90x8,ton,,steel,"Derived from common Singapore practice (BCA CDE Data Standard, iNPQS references) and international classification standards (ISO 6707, Uniclass 2015, OmniClass, MasterFormat)."
Structural Steel,Structural Sections,Angles,Angles - 100x100x10,ton,,steel,"Derived from common Singapore practice (BCA CDE Data Standard, iNPQS references) and international classification standards (ISO 6707, Uniclass 2015, OmniClass, MasterFormat)."
Structural Steel,Structural Sections,Plates,Plates - 6mm,square_meter,,steel,"Derived from common Singapore practice (BCA CDE Data Standard, iNPQS references) and international classification standards (ISO 6707, Uniclass 2015, OmniClass, MasterFormat)."
Structural Steel,Structural Sections,Plates,Plates - 8mm,square_meter,,steel,"Derived from common Singapore practice (BCA CDE Data Standard, iNPQS references) and international classification standards (ISO 6707, Uniclass 2015, OmniClass, MasterFormat)."
Structural Steel,Structural Sections,Plates,Plates - 10mm,square_meter,,steel,"Derived from common Singapore practice (BCA CDE Data Standard, iNPQS references) and international classification standards (ISO 6707, Uniclass 2015, OmniClass, MasterFormat)."
Structural Steel,Structural Sections,Plates,Plates - 12mm,square_meter,,steel,"Derived from common Singapore practice (BCA CDE Data Standard, iNPQS references) and international classification standards (ISO 6707, Uniclass 2015, OmniClass, MasterFormat)."
Structural Steel,Structural Sections,Plates,Plates - 16mm,square_meter,,steel,"Derived from common Singapore practice (BCA CDE Data Standard, iNPQS references) and international classification standards (ISO 6707, Uniclass 2015, OmniClass, MasterFormat)."
Structural Steel,Structural Sections,Plates,Plates - 20mm,square_meter,,steel,"Derived from common Singapore practice (BCA CDE Data Standard, iNPQS references) and international classification standards (ISO 6707, Uniclass 2015, OmniClass, MasterFormat)."
Structural Steel,Fasteners & Welding,High Strength Bolts,High Strength Bolts - M12,box,,steel;fastener,"Derived from common Singapore practice (BCA CDE Data Standard, iNPQS references) and international classification standards (ISO 6707, Uniclass 2015, OmniClass, MasterFormat)."
Structural Steel,Fasteners & Welding,High Strength Bolts,High Strength Bolts - M16,box,,steel;fastener,"Derived from common Singapore practice (BCA CDE Data Standard, iNPQS references) and international classification standards (ISO 6707, Uniclass 2015, OmniClass, MasterFormat)."
Structural Steel,Fasteners & Welding,High Strength Bolts,High Strength Bolts - M20,box,,steel;fastener,"Derived from common Singapore practice (BCA CDE Data Standard, iNPQS references) and international classification standards (ISO 6707, Uniclass 2015, OmniClass, MasterFormat)."
Structural Steel,Fasteners & Welding,High Strength Bolts,High Strength Bolts - M24,box,,steel;fastener,"Derived from common Singapore practice (BCA CDE Data Standard, iNPQS references) and international classification standards (ISO 6707, Uniclass 2015, OmniClass, MasterFormat)."
Structural Steel,Fasteners & Welding,High Strength Bolts,High Strength Bolts - M30,box,,steel;fastener,"Derived from common Singapore practice (BCA CDE Data Standard, iNPQS references) and international classification standards (ISO 6707, Uniclass 2015, OmniClass, MasterFormat)."
Structural Steel,Fasteners & Welding,Welding Electrodes,Welding Electrodes - E6013 2.6mm,box,,steel;welding,"Derived from common Singapore practice (BCA CDE Data Standard, iNPQS references) and international classification standards (ISO 6707, Uniclass 2015, OmniClass, MasterFormat)."
Structural Steel,Fasteners & Welding,Welding Electrodes,Welding Electrodes - E6013 3.2mm,box,,steel;welding,"Derived from common Singapore practice (BCA CDE Data Standard, iNPQS references) and international classification standards (ISO 6707, Uniclass 2015, OmniClass, MasterFormat)."
Structural Steel,Fasteners & Welding,Welding Electrodes,Welding Electrodes - E7018 3.2mm,box,,steel;welding,"Derived from common Singapore practice (BCA CDE Data Standard, iNPQS references) and international classification standards (ISO 6707, Uniclass 2015, OmniClass, MasterFormat)."
Structural Steel,Fasteners & Welding,Welding Electrodes,Welding Electrodes - E7018 4.0mm,box,,steel;welding,"Derived from common Singapore practice (BCA CDE Data Standard, iNPQS references) and international classification standards (ISO 6707, Uniclass 2015, OmniClass, MasterFormat)."
Masonry,Blocks & Bricks,Clay Bricks,Clay Bricks - Standard clay brick,each,,masonry,"Derived from common Singapore practice (BCA CDE Data Standard, iNPQS references) and international classification standards (ISO 6707, Uniclass 2015, OmniClass, MasterFormat)."
Masonry,Blocks & Bricks,Clay Bricks,Clay Bricks - Engineering brick,each,,masonry,"Derived from common Singapore practice (BCA CDE Data Standard, iNPQS references) and international classification standards (ISO 6707, Uniclass 2015, OmniClass, MasterFormat)."
Masonry,Blocks & Bricks,Concrete Blocks,Concrete Blocks - 100mm block,each,,masonry,"Derived from common Singapore practice (BCA CDE Data Standard, iNPQS references) and international classification standards (ISO 6707, Uniclass 2015, OmniClass, MasterFormat)."
Masonry,Blocks & Bricks,Concrete Blocks,Concrete Blocks - 150mm block,each,,masonry,"Derived from common Singapore practice (BCA CDE Data Standard, iNPQS references) and international classification standards (ISO 6707, Uniclass 2015, OmniClass, MasterFormat)."
Masonry,Blocks & Bricks,Concrete Blocks,Concrete Blocks - 200mm block,each,,masonry,"Derived from common Singapore practice (BCA CDE Data Standard, iNPQS references) and international classification standards (ISO 6707, Uniclass 2015, OmniClass, MasterFormat)."
Masonry,Blocks & Bricks,AAC Blocks,AAC Blocks - 600x200x100,each,,masonry,"Derived from common Singapore practice (BCA CDE Data Standard, iNPQS references) and international classification standards (ISO 6707, Uniclass 2015, OmniClass, MasterFormat)."
Masonry,Blocks & Bricks,AAC Blocks,AAC Blocks - 600x200x150,each,,masonry,"Derived from common Singapore practice (BCA CDE Data Standard, iNPQS references) and international classification standards (ISO 6707, Uniclass 2015, OmniClass, MasterFormat)."
Masonry,Blocks & Bricks,AAC Blocks,AAC Blocks - 600x200x200,each,,masonry,"Derived from common Singapore practice (BCA CDE Data Standard, iNPQS references) and international classification standards (ISO 6707, Uniclass 2015, OmniClass, MasterFormat)."
Masonry,Mortar & Grout,Masonry Mortar,Masonry Mortar - M4 mortar 25kg,bag,,masonry,"Derived from common Singapore practice (BCA CDE Data Standard, iNPQS references) and international classification standards (ISO 6707, Uniclass 2015, OmniClass, MasterFormat)."
Masonry,Mortar & Grout,Masonry Mortar,Masonry Mortar - M6 mortar 25kg,bag,,masonry,"Derived from common Singapore practice (BCA CDE Data Standard, iNPQS references) and international classification standards (ISO 6707, Uniclass 2015, OmniClass, MasterFormat)."
Masonry,Mortar & Grout,Tile Grout,Tile Grout - Cementitious grout 5kg,bag,,masonry;finishes,"Derived from common Singapore practice (BCA CDE Data Standard, iNPQS references) and international classification standards (ISO 6707, Uniclass 2015, OmniClass, MasterFormat)."
Masonry,Mortar & Grout,Tile Grout,Tile Grout - Cementitious grout 25kg,bag,,masonry;finishes,"Derived from common Singapore practice (BCA CDE Data Standard, iNPQS references) and international classification standards (ISO 6707, Uniclass 2015, OmniClass, MasterFormat)."
Masonry,Mortar & Grout,Tile Grout,Tile Grout - Epoxy grout 5kg,bag,,masonry;finishes,"Derived from common Singapore practice (BCA CDE Data Standard, iNPQS references) and international classification standards (ISO 6707, Uniclass 2015, OmniClass, MasterFormat)."
Timber & Carpentry,Timber & Boards,Softwood Timber,Softwood Timber - 38x89,meter,,timber,"Derived from common Singapore practice (BCA CDE Data Standard, iNPQS references) and international classification standards (ISO 6707, Uniclass 2015, OmniClass, MasterFormat)."
Timber & Carpentry,Timber & Boards,Softwood Timber,Softwood Timber - 38x140,meter,,timber,"Derived from common Singapore practice (BCA CDE Data Standard, iNPQS references) and international classification standards (ISO 6707, Uniclass 2015, OmniClass, MasterFormat)."
Timber & Carpentry,Timber & Boards,Softwood Timber,Softwood Timber - 50x100,meter,,timber,"Derived from common Singapore practice (BCA CDE Data Standard, iNPQS references) and international classification standards (ISO 6707, Uniclass 2015, OmniClass, MasterFormat)."
Timber & Carpentry,Timber & Boards,Softwood Timber,Softwood Timber - 50x150,meter,,timber,"Derived from common Singapore practice (BCA CDE Data Standard, iNPQS references) and international classification standards (ISO 6707, Uniclass 2015, OmniClass, MasterFormat)."
Timber & Carpentry,Timber & Boards,Hardwood Timber,Hardwood Timber - 50x50,meter,,timber,"Derived from common Singapore practice (BCA CDE Data Standard, iNPQS references) and international classification standards (ISO 6707, Uniclass 2015, OmniClass, MasterFormat)."
Timber & Carpentry,Timber & Boards,Hardwood Timber,Hardwood Timber - 75x75,meter,,timber,"Derived from common Singapore practice (BCA CDE Data Standard, iNPQS references) and international classification standards (ISO 6707, Uniclass 2015, OmniClass, MasterFormat)."
Timber & Carpentry,Timber & Boards,Hardwood Timber,Hardwood Timber - 100x100,meter,,timber,"Derived from common Singapore practice (BCA CDE Data Standard, iNPQS references) and international classification standards (ISO 6707, Uniclass 2015, OmniClass, MasterFormat)."
Timber & Carpentry,Timber & Boards,Plywood,Plywood - 6mm,sheet,,timber,"Derived from common Singapore practice (BCA CDE Data Standard, iNPQS references) and international classification standards (ISO 6707, Uniclass 2015, OmniClass, MasterFormat)."
Timber & Carpentry,Timber & Boards,Plywood,Plywood - 9mm,sheet,,timber,"Derived from common Singapore practice (BCA CDE Data Standard, iNPQS references) and international classification standards (ISO 6707, Uniclass 2015, OmniClass, MasterFormat)."
Timber & Carpentry,Timber & Boards,Plywood,Plywood - 12mm,sheet,,timber,"Derived from common Singapore practice (BCA CDE Data Standard, iNPQS references) and international classification standards (ISO 6707, Uniclass 2015, OmniClass, MasterFormat)."
Timber & Carpentry,Timber & Boards,Plywood,Plywood - 18mm,sheet,,timber,"Derived from common Singapore practice (BCA CDE Data Standard, iNPQS references) and international classification standards (ISO 6707, Uniclass 2015, OmniClass, MasterFormat)."
Timber & Carpentry,Timber & Boards,MDF Board,MDF Board - 6mm,sheet,,timber,"Derived from common Singapore practice (BCA CDE Data Standard, iNPQS references) and international classification standards (ISO 6707, Uniclass 2015, OmniClass, MasterFormat)."
Timber & Carpentry,Timber & Boards,MDF Board,MDF Board - 9mm,sheet,,timber,"Derived from common Singapore practice (BCA CDE Data Standard, iNPQS references) and international classification standards (ISO 6707, Uniclass 2015, OmniClass, MasterFormat)."
Timber & Carpentry,Timber & Boards,MDF Board,MDF Board - 12mm,sheet,,timber,"Derived from common Singapore practice (BCA CDE Data Standard, iNPQS references) and international classification standards (ISO 6707, Uniclass 2015, OmniClass, MasterFormat)."
Timber & Carpentry,Timber & Boards,MDF Board,MDF Board - 18mm,sheet,,timber,"Derived from common Singapore practice (BCA CDE Data Standard, iNPQS references) and international classification standards (ISO 6707, Uniclass 2015, OmniClass, MasterFormat)."
Timber & Carpentry,Timber Treatment,Timber Preservative,Timber Preservative - Clear preservative 5L,liter,,timber,"Derived from common Singapore practice (BCA CDE Data Standard, iNPQS references) and international classification standards (ISO 6707, Uniclass 2015, OmniClass, MasterFormat)."
Timber & Carpentry,Timber Treatment,Timber Preservative,Timber Preservative - Clear preservative 20L,liter,,timber,"Derived from common Singapore practice (BCA CDE Data Standard, iNPQS references) and international classification standards (ISO 6707, Uniclass 2015, OmniClass, MasterFormat)."
Waterproofing & Roofing,Waterproofing Systems,Bituminous Membrane,Bituminous Membrane - 3mm membrane,roll,,waterproofing,"Derived from common Singapore practice (BCA CDE Data Standard, iNPQS references) and international classification standards (ISO 6707, Uniclass 2015, OmniClass, MasterFormat)."
Waterproofing & Roofing,Waterproofing Systems,Bituminous Membrane,Bituminous Membrane - 4mm membrane,roll,,waterproofing,"Derived from common Singapore practice (BCA CDE Data Standard, iNPQS references) and international classification standards (ISO 6707, Uniclass 2015, OmniClass, MasterFormat)."
Waterproofing & Roofing,Waterproofing Systems,PVC Membrane,PVC Membrane - 1.2mm PVC membrane,square_meter,,waterproofing,"Derived from common Singapore practice (BCA CDE Data Standard, iNPQS references) and international classification standards (ISO 6707, Uniclass 2015, OmniClass, MasterFormat)."
Waterproofing & Roofing,Waterproofing Systems,PVC Membrane,PVC Membrane - 1.5mm PVC membrane,square_meter,,waterproofing,"Derived from common Singapore practice (BCA CDE Data Standard, iNPQS references) and international classification standards (ISO 6707, Uniclass 2015, OmniClass, MasterFormat)."
Waterproofing & Roofing,Waterproofing Systems,TPO Membrane,TPO Membrane - 1.2mm TPO membrane,square_meter,,waterproofing,"Derived from common Singapore practice (BCA CDE Data Standard, iNPQS references) and international classification standards (ISO 6707, Uniclass 2015, OmniClass, MasterFormat)."
Waterproofing & Roofing,Waterproofing Systems,TPO Membrane,TPO Membrane - 1.5mm TPO membrane,square_meter,,waterproofing,"Derived from common Singapore practice (BCA CDE Data Standard, iNPQS references) and international classification standards (ISO 6707, Uniclass 2015, OmniClass, MasterFormat)."
Waterproofing & Roofing,Waterproofing Systems,Cementitious Waterproofing,Cementitious Waterproofing - 20kg cementitious waterproofing,bag,,waterproofing,"Derived from common Singapore practice (BCA CDE Data Standard, iNPQS references) and international classification standards (ISO 6707, Uniclass 2015, OmniClass, MasterFormat)."
Waterproofing & Roofing,Waterproofing Systems,PU Waterproofing Coating,PU Waterproofing Coating - 20L PU coating,pail,,waterproofing,"Derived from common Singapore practice (BCA CDE Data Standard, iNPQS references) and international classification standards (ISO 6707, Uniclass 2015, OmniClass, MasterFormat)."
Waterproofing & Roofing,Waterproofing Systems,Waterstop,Waterstop - PVC waterstop 150mm,meter,,waterproofing,"Derived from common Singapore practice (BCA CDE Data Standard, iNPQS references) and international classification standards (ISO 6707, Uniclass 2015, OmniClass, MasterFormat)."
Waterproofing & Roofing,Waterproofing Systems,Waterstop,Waterstop - PVC waterstop 200mm,meter,,waterproofing,"Derived from common Singapore practice (BCA CDE Data Standard, iNPQS references) and international classification standards (ISO 6707, Uniclass 2015, OmniClass, MasterFormat)."
Waterproofing & Roofing,Waterproofing Systems,Waterstop,Waterstop - Hydrophilic waterstop 20x10,meter,,waterproofing,"Derived from common Singapore practice (BCA CDE Data Standard, iNPQS references) and international classification standards (ISO 6707, Uniclass 2015, OmniClass, MasterFormat)."
Waterproofing & Roofing,Waterproofing Systems,Waterstop,Waterstop - Hydrophilic waterstop 25x20,meter,,waterproofing,"Derived from common Singapore practice (BCA CDE Data Standard, iNPQS references) and international classification standards (ISO 6707, Uniclass 2015, OmniClass, MasterFormat)."
Waterproofing & Roofing,Roofing,Metal Roof Sheet,Metal Roof Sheet - Trapezoidal 0.42mm,square_meter,,roofing,"Derived from common Singapore practice (BCA CDE Data Standard, iNPQS references) and international classification standards (ISO 6707, Uniclass 2015, OmniClass, MasterFormat)."
Waterproofing & Roofing,Roofing,Metal Roof Sheet,Metal Roof Sheet - Trapezoidal 0.48mm,square_meter,,roofing,"Derived from common Singapore practice (BCA CDE Data Standard, iNPQS references) and international classification standards (ISO 6707, Uniclass 2015, OmniClass, MasterFormat)."
Waterproofing & Roofing,Roofing,Metal Roof Sheet,Metal Roof Sheet - Trapezoidal 0.53mm,square_meter,,roofing,"Derived from common Singapore practice (BCA CDE Data Standard, iNPQS references) and international classification standards (ISO 6707, Uniclass 2015, OmniClass, MasterFormat)."
Waterproofing & Roofing,Roofing,Roof Tiles,Roof Tiles - Concrete tile,each,,roofing,"Derived from common Singapore practice (BCA CDE Data Standard, iNPQS references) and international classification standards (ISO 6707, Uniclass 2015, OmniClass, MasterFormat)."
Waterproofing & Roofing,Roofing,Roof Tiles,Roof Tiles - Clay tile,each,,roofing,"Derived from common Singapore practice (BCA CDE Data Standard, iNPQS references) and international classification standards (ISO 6707, Uniclass 2015, OmniClass, MasterFormat)."
Waterproofing & Roofing,Roofing,Gutters,Gutters - uPVC gutter 100mm,meter,,roofing,"Derived from common Singapore practice (BCA CDE Data Standard, iNPQS references) and international classification standards (ISO 6707, Uniclass 2015, OmniClass, MasterFormat)."
Waterproofing & Roofing,Roofing,Gutters,Gutters - uPVC gutter 150mm,meter,,roofing,"Derived from common Singapore practice (BCA CDE Data Standard, iNPQS references) and international classification standards (ISO 6707, Uniclass 2015, OmniClass, MasterFormat)."
Waterproofing & Roofing,Roofing,Gutters,Gutters - Metal gutter 150mm,meter,,roofing,"Derived from common Singapore practice (BCA CDE Data Standard, iNPQS references) and international classification standards (ISO 6707, Uniclass 2015, OmniClass, MasterFormat)."
Waterproofing & Roofing,Roofing,Downpipes,Downpipes - uPVC downpipe 75mm,meter,,roofing,"Derived from common Singapore practice (BCA CDE Data Standard, iNPQS references) and international classification standards (ISO 6707, Uniclass 2015, OmniClass, MasterFormat)."
Waterproofing & Roofing,Roofing,Downpipes,Downpipes - uPVC downpipe 100mm,meter,,roofing,"Derived from common Singapore practice (BCA CDE Data Standard, iNPQS references) and international classification standards (ISO 6707, Uniclass 2015, OmniClass, MasterFormat)."
Waterproofing & Roofing,Roofing,Downpipes,Downpipes - uPVC downpipe 150mm,meter,,roofing,"Derived from common Singapore practice (BCA CDE Data Standard, iNPQS references) and international classification standards (ISO 6707, Uniclass 2015, OmniClass, MasterFormat)."
"Doors, Windows & Glazing",Windows & Frames,Aluminum Window,Aluminum Window - Sliding window,set,,windows,"Derived from common Singapore practice (BCA CDE Data Standard, iNPQS references) and international classification standards (ISO 6707, Uniclass 2015, OmniClass, MasterFormat)."
"Doors, Windows & Glazing",Windows & Frames,Aluminum Window,Aluminum Window - Casement window,set,,windows,"Derived from common Singapore practice (BCA CDE Data Standard, iNPQS references) and international classification standards (ISO 6707, Uniclass 2015, OmniClass, MasterFormat)."
"Doors, Windows & Glazing",Windows & Frames,Aluminum Window,Aluminum Window - Top hung window,set,,windows,"Derived from common Singapore practice (BCA CDE Data Standard, iNPQS references) and international classification standards (ISO 6707, Uniclass 2015, OmniClass, MasterFormat)."
"Doors, Windows & Glazing",Glazing,Glass Panels,Glass Panels - Clear tempered 6mm,square_meter,,glazing,"Derived from common Singapore practice (BCA CDE Data Standard, iNPQS references) and international classification standards (ISO 6707, Uniclass 2015, OmniClass, MasterFormat)."
"Doors, Windows & Glazing",Glazing,Glass Panels,Glass Panels - Clear tempered 8mm,square_meter,,glazing,"Derived from common Singapore practice (BCA CDE Data Standard, iNPQS references) and international classification standards (ISO 6707, Uniclass 2015, OmniClass, MasterFormat)."
"Doors, Windows & Glazing",Glazing,Glass Panels,Glass Panels - Clear tempered 10mm,square_meter,,glazing,"Derived from common Singapore practice (BCA CDE Data Standard, iNPQS references) and international classification standards (ISO 6707, Uniclass 2015, OmniClass, MasterFormat)."
"Doors, Windows & Glazing",Glazing,Glass Panels,Glass Panels - Laminated 6.38mm,square_meter,,glazing,"Derived from common Singapore practice (BCA CDE Data Standard, iNPQS references) and international classification standards (ISO 6707, Uniclass 2015, OmniClass, MasterFormat)."
"Doors, Windows & Glazing",Glazing,Glass Panels,Glass Panels - Laminated 8.38mm,square_meter,,glazing,"Derived from common Singapore practice (BCA CDE Data Standard, iNPQS references) and international classification standards (ISO 6707, Uniclass 2015, OmniClass, MasterFormat)."
"Doors, Windows & Glazing",Glazing,Glass Panels,Glass Panels - Laminated 10.38mm,square_meter,,glazing,"Derived from common Singapore practice (BCA CDE Data Standard, iNPQS references) and international classification standards (ISO 6707, Uniclass 2015, OmniClass, MasterFormat)."
"Doors, Windows & Glazing",Doors & Hardware,Door Leaf,Door Leaf - Solid core timber 900x2100,each,,door,"Derived from common Singapore practice (BCA CDE Data Standard, iNPQS references) and international classification standards (ISO 6707, Uniclass 2015, OmniClass, MasterFormat)."
"Doors, Windows & Glazing",Doors & Hardware,Door Leaf,Door Leaf - Steel door 900x2100,each,,door,"Derived from common Singapore practice (BCA CDE Data Standard, iNPQS references) and international classification standards (ISO 6707, Uniclass 2015, OmniClass, MasterFormat)."
"Doors, Windows & Glazing",Doors & Hardware,Door Leaf,Door Leaf - Fire-rated door 1hr,each,,door,"Derived from common Singapore practice (BCA CDE Data Standard, iNPQS references) and international classification standards (ISO 6707, Uniclass 2015, OmniClass, MasterFormat)."
"Doors, Windows & Glazing",Doors & Hardware,Door Leaf,Door Leaf - Fire-rated door 2hr,each,,door,"Derived from common Singapore practice (BCA CDE Data Standard, iNPQS references) and international classification standards (ISO 6707, Uniclass 2015, OmniClass, MasterFormat)."
"Doors, Windows & Glazing",Doors & Hardware,Door Hardware,Door Hardware - Lockset,each,,door;hardware,"Derived from common Singapore practice (BCA CDE Data Standard, iNPQS references) and international classification standards (ISO 6707, Uniclass 2015, OmniClass, MasterFormat)."
"Doors, Windows & Glazing",Doors & Hardware,Door Hardware,Door Hardware - Door closer,each,,door;hardware,"Derived from common Singapore practice (BCA CDE Data Standard, iNPQS references) and international classification standards (ISO 6707, Uniclass 2015, OmniClass, MasterFormat)."
"Doors, Windows & Glazing",Doors & Hardware,Door Hardware,Door Hardware - Hinge 100mm,each,,door;hardware,"Derived from common Singapore practice (BCA CDE Data Standard, iNPQS references) and international classification standards (ISO 6707, Uniclass 2015, OmniClass, MasterFormat)."
"Doors, Windows & Glazing",Doors & Hardware,Door Hardware,Door Hardware - Hinge 125mm,each,,door;hardware,"Derived from common Singapore practice (BCA CDE Data Standard, iNPQS references) and international classification standards (ISO 6707, Uniclass 2015, OmniClass, MasterFormat)."
Architectural Finishes,Wall & Ceiling,Gypsum Board,Gypsum Board - 9mm,sheet,,finishes,"Derived from common Singapore practice (BCA CDE Data Standard, iNPQS references) and international classification standards (ISO 6707, Uniclass 2015, OmniClass, MasterFormat)."
Architectural Finishes,Wall & Ceiling,Gypsum Board,Gypsum Board - 12mm,sheet,,finishes,"Derived from common Singapore practice (BCA CDE Data Standard, iNPQS references) and international classification standards (ISO 6707, Uniclass 2015, OmniClass, MasterFormat)."
Architectural Finishes,Wall & Ceiling,Gypsum Board,Gypsum Board - 15mm,sheet,,finishes,"Derived from common Singapore practice (BCA CDE Data Standard, iNPQS references) and international classification standards (ISO 6707, Uniclass 2015, OmniClass, MasterFormat)."
Architectural Finishes,Wall & Ceiling,Fiber Cement Board,Fiber Cement Board - 6mm,sheet,,finishes,"Derived from common Singapore practice (BCA CDE Data Standard, iNPQS references) and international classification standards (ISO 6707, Uniclass 2015, OmniClass, MasterFormat)."
Architectural Finishes,Wall & Ceiling,Fiber Cement Board,Fiber Cement Board - 9mm,sheet,,finishes,"Derived from common Singapore practice (BCA CDE Data Standard, iNPQS references) and international classification standards (ISO 6707, Uniclass 2015, OmniClass, MasterFormat)."
Architectural Finishes,Wall & Ceiling,Fiber Cement Board,Fiber Cement Board - 12mm,sheet,,finishes,"Derived from common Singapore practice (BCA CDE Data Standard, iNPQS references) and international classification standards (ISO 6707, Uniclass 2015, OmniClass, MasterFormat)."
Architectural Finishes,Wall & Ceiling,Ceiling Tile,Ceiling Tile - 600x600,sheet,,finishes,"Derived from common Singapore practice (BCA CDE Data Standard, iNPQS references) and international classification standards (ISO 6707, Uniclass 2015, OmniClass, MasterFormat)."
Architectural Finishes,Wall & Ceiling,Ceiling Tile,Ceiling Tile - 600x1200,sheet,,finishes,"Derived from common Singapore practice (BCA CDE Data Standard, iNPQS references) and international classification standards (ISO 6707, Uniclass 2015, OmniClass, MasterFormat)."
Architectural Finishes,Floor Finishes,Ceramic Tile,Ceramic Tile - 300x300,square_meter,,finishes;tile,"Derived from common Singapore practice (BCA CDE Data Standard, iNPQS references) and international classification standards (ISO 6707, Uniclass 2015, OmniClass, MasterFormat)."
Architectural Finishes,Floor Finishes,Ceramic Tile,Ceramic Tile - 600x600,square_meter,,finishes;tile,"Derived from common Singapore practice (BCA CDE Data Standard, iNPQS references) and international classification standards (ISO 6707, Uniclass 2015, OmniClass, MasterFormat)."
Architectural Finishes,Floor Finishes,Porcelain Tile,Porcelain Tile - 600x600,square_meter,,finishes;tile,"Derived from common Singapore practice (BCA CDE Data Standard, iNPQS references) and international classification standards (ISO 6707, Uniclass 2015, OmniClass, MasterFormat)."
Architectural Finishes,Floor Finishes,Porcelain Tile,Porcelain Tile - 600x1200,square_meter,,finishes;tile,"Derived from common Singapore practice (BCA CDE Data Standard, iNPQS references) and international classification standards (ISO 6707, Uniclass 2015, OmniClass, MasterFormat)."
Architectural Finishes,Floor Finishes,Vinyl Flooring,Vinyl Flooring - 2mm,square_meter,,finishes,"Derived from common Singapore practice (BCA CDE Data Standard, iNPQS references) and international classification standards (ISO 6707, Uniclass 2015, OmniClass, MasterFormat)."
Architectural Finishes,Floor Finishes,Vinyl Flooring,Vinyl Flooring - 3mm,square_meter,,finishes,"Derived from common Singapore practice (BCA CDE Data Standard, iNPQS references) and international classification standards (ISO 6707, Uniclass 2015, OmniClass, MasterFormat)."
Architectural Finishes,Floor Finishes,Epoxy Floor Coating,Epoxy Floor Coating - 20L epoxy coating,pail,,finishes,"Derived from common Singapore practice (BCA CDE Data Standard, iNPQS references) and international classification standards (ISO 6707, Uniclass 2015, OmniClass, MasterFormat)."
Architectural Finishes,Painting,Interior Paint,Interior Paint - 5L interior emulsion,pail,,finishes;paint,"Derived from common Singapore practice (BCA CDE Data Standard, iNPQS references) and international classification standards (ISO 6707, Uniclass 2015, OmniClass, MasterFormat)."
Architectural Finishes,Painting,Interior Paint,Interior Paint - 20L interior emulsion,pail,,finishes;paint,"Derived from common Singapore practice (BCA CDE Data Standard, iNPQS references) and international classification standards (ISO 6707, Uniclass 2015, OmniClass, MasterFormat)."
Architectural Finishes,Painting,Exterior Paint,Exterior Paint - 20L exterior emulsion,pail,,finishes;paint,"Derived from common Singapore practice (BCA CDE Data Standard, iNPQS references) and international classification standards (ISO 6707, Uniclass 2015, OmniClass, MasterFormat)."
Architectural Finishes,Painting,Primer,Primer - 20L primer,pail,,finishes;paint,"Derived from common Singapore practice (BCA CDE Data Standard, iNPQS references) and international classification standards (ISO 6707, Uniclass 2015, OmniClass, MasterFormat)."
MEP - Electrical,Cables & Wires,LV Power Cable,LV Power Cable - 2C 2.5sqmm,meter,,electrical;cable,"Derived from common Singapore practice (BCA CDE Data Standard, iNPQS references) and international classification standards (ISO 6707, Uniclass 2015, OmniClass, MasterFormat)."
MEP - Electrical,Cables & Wires,LV Power Cable,LV Power Cable - 2C 4sqmm,meter,,electrical;cable,"Derived from common Singapore practice (BCA CDE Data Standard, iNPQS references) and international classification standards (ISO 6707, Uniclass 2015, OmniClass, MasterFormat)."
MEP - Electrical,Cables & Wires,LV Power Cable,LV Power Cable - 2C 6sqmm,meter,,electrical;cable,"Derived from common Singapore practice (BCA CDE Data Standard, iNPQS references) and international classification standards (ISO 6707, Uniclass 2015, OmniClass, MasterFormat)."
MEP - Electrical,Cables & Wires,LV Power Cable,LV Power Cable - 4C 6sqmm,meter,,electrical;cable,"Derived from common Singapore practice (BCA CDE Data Standard, iNPQS references) and international classification standards (ISO 6707, Uniclass 2015, OmniClass, MasterFormat)."
MEP - Electrical,Cables & Wires,LV Power Cable,LV Power Cable - 4C 10sqmm,meter,,electrical;cable,"Derived from common Singapore practice (BCA CDE Data Standard, iNPQS references) and international classification standards (ISO 6707, Uniclass 2015, OmniClass, MasterFormat)."
MEP - Electrical,Cables & Wires,LV Power Cable,LV Power Cable - 4C 16sqmm,meter,,electrical;cable,"Derived from common Singapore practice (BCA CDE Data Standard, iNPQS references) and international classification standards (ISO 6707, Uniclass 2015, OmniClass, MasterFormat)."
MEP - Electrical,Cables & Wires,LV Power Cable,LV Power Cable - 4C 25sqmm,meter,,electrical;cable,"Derived from common Singapore practice (BCA CDE Data Standard, iNPQS references) and international classification standards (ISO 6707, Uniclass 2015, OmniClass, MasterFormat)."
MEP - Electrical,Cables & Wires,LV Power Cable,LV Power Cable - 4C 35sqmm,meter,,electrical;cable,"Derived from common Singapore practice (BCA CDE Data Standard, iNPQS references) and international classification standards (ISO 6707, Uniclass 2015, OmniClass, MasterFormat)."
MEP - Electrical,Cables & Wires,LV Power Cable,LV Power Cable - 4C 50sqmm,meter,,electrical;cable,"Derived from common Singapore practice (BCA CDE Data Standard, iNPQS references) and international classification standards (ISO 6707, Uniclass 2015, OmniClass, MasterFormat)."
MEP - Electrical,Cables & Wires,LV Power Cable,LV Power Cable - 4C 70sqmm,meter,,electrical;cable,"Derived from common Singapore practice (BCA CDE Data Standard, iNPQS references) and international classification standards (ISO 6707, Uniclass 2015, OmniClass, MasterFormat)."
MEP - Electrical,Cables & Wires,LV Power Cable,LV Power Cable - 4C 95sqmm,meter,,electrical;cable,"Derived from common Singapore practice (BCA CDE Data Standard, iNPQS references) and international classification standards (ISO 6707, Uniclass 2015, OmniClass, MasterFormat)."
MEP - Electrical,Cables & Wires,LV Power Cable,LV Power Cable - 4C 120sqmm,meter,,electrical;cable,"Derived from common Singapore practice (BCA CDE Data Standard, iNPQS references) and international classification standards (ISO 6707, Uniclass 2015, OmniClass, MasterFormat)."
MEP - Electrical,Cables & Wires,Control Cable,Control Cable - 4C 1.5sqmm,meter,,electrical;cable,"Derived from common Singapore practice (BCA CDE Data Standard, iNPQS references) and international classification standards (ISO 6707, Uniclass 2015, OmniClass, MasterFormat)."
MEP - Electrical,Cables & Wires,Control Cable,Control Cable - 8C 1.5sqmm,meter,,electrical;cable,"Derived from common Singapore practice (BCA CDE Data Standard, iNPQS references) and international classification standards (ISO 6707, Uniclass 2015, OmniClass, MasterFormat)."
MEP - Electrical,Cables & Wires,Control Cable,Control Cable - 12C 1.5sqmm,meter,,electrical;cable,"Derived from common Singapore practice (BCA CDE Data Standard, iNPQS references) and international classification standards (ISO 6707, Uniclass 2015, OmniClass, MasterFormat)."
MEP - Electrical,Cables & Wires,Control Cable,Control Cable - 16C 1.5sqmm,meter,,electrical;cable,"Derived from common Singapore practice (BCA CDE Data Standard, iNPQS references) and international classification standards (ISO 6707, Uniclass 2015, OmniClass, MasterFormat)."
MEP - Electrical,Conduits & Trunking,PVC Conduit,PVC Conduit - 20mm,meter,,electrical;conduit,"Derived from common Singapore practice (BCA CDE Data Standard, iNPQS references) and international classification standards (ISO 6707, Uniclass 2015, OmniClass, MasterFormat)."
MEP - Electrical,Conduits & Trunking,PVC Conduit,PVC Conduit - 25mm,meter,,electrical;conduit,"Derived from common Singapore practice (BCA CDE Data Standard, iNPQS references) and international classification standards (ISO 6707, Uniclass 2015, OmniClass, MasterFormat)."
MEP - Electrical,Conduits & Trunking,PVC Conduit,PVC Conduit - 32mm,meter,,electrical;conduit,"Derived from common Singapore practice (BCA CDE Data Standard, iNPQS references) and international classification standards (ISO 6707, Uniclass 2015, OmniClass, MasterFormat)."
MEP - Electrical,Conduits & Trunking,PVC Conduit,PVC Conduit - 40mm,meter,,electrical;conduit,"Derived from common Singapore practice (BCA CDE Data Standard, iNPQS references) and international classification standards (ISO 6707, Uniclass 2015, OmniClass, MasterFormat)."
MEP - Electrical,Conduits & Trunking,PVC Conduit,PVC Conduit - 50mm,meter,,electrical;conduit,"Derived from common Singapore practice (BCA CDE Data Standard, iNPQS references) and international classification standards (ISO 6707, Uniclass 2015, OmniClass, MasterFormat)."
MEP - Electrical,Conduits & Trunking,GI Conduit,GI Conduit - 20mm,meter,,electrical;conduit,"Derived from common Singapore practice (BCA CDE Data Standard, iNPQS references) and international classification standards (ISO 6707, Uniclass 2015, OmniClass, MasterFormat)."
MEP - Electrical,Conduits & Trunking,GI Conduit,GI Conduit - 25mm,meter,,electrical;conduit,"Derived from common Singapore practice (BCA CDE Data Standard, iNPQS references) and international classification standards (ISO 6707, Uniclass 2015, OmniClass, MasterFormat)."
MEP - Electrical,Conduits & Trunking,GI Conduit,GI Conduit - 32mm,meter,,electrical;conduit,"Derived from common Singapore practice (BCA CDE Data Standard, iNPQS references) and international classification standards (ISO 6707, Uniclass 2015, OmniClass, MasterFormat)."
MEP - Electrical,Conduits & Trunking,GI Conduit,GI Conduit - 40mm,meter,,electrical;conduit,"Derived from common Singapore practice (BCA CDE Data Standard, iNPQS references) and international classification standards (ISO 6707, Uniclass 2015, OmniClass, MasterFormat)."
MEP - Electrical,Conduits & Trunking,GI Conduit,GI Conduit - 50mm,meter,,electrical;conduit,"Derived from common Singapore practice (BCA CDE Data Standard, iNPQS references) and international classification standards (ISO 6707, Uniclass 2015, OmniClass, MasterFormat)."
MEP - Electrical,Conduits & Trunking,Trunking,Trunking - 50x50,meter,,electrical;trunking,"Derived from common Singapore practice (BCA CDE Data Standard, iNPQS references) and international classification standards (ISO 6707, Uniclass 2015, OmniClass, MasterFormat)."
MEP - Electrical,Conduits & Trunking,Trunking,Trunking - 100x50,meter,,electrical;trunking,"Derived from common Singapore practice (BCA CDE Data Standard, iNPQS references) and international classification standards (ISO 6707, Uniclass 2015, OmniClass, MasterFormat)."
MEP - Electrical,Conduits & Trunking,Trunking,Trunking - 100x100,meter,,electrical;trunking,"Derived from common Singapore practice (BCA CDE Data Standard, iNPQS references) and international classification standards (ISO 6707, Uniclass 2015, OmniClass, MasterFormat)."
MEP - Electrical,Conduits & Trunking,Trunking,Trunking - 150x50,meter,,electrical;trunking,"Derived from common Singapore practice (BCA CDE Data Standard, iNPQS references) and international classification standards (ISO 6707, Uniclass 2015, OmniClass, MasterFormat)."
MEP - Electrical,Conduits & Trunking,Trunking,Trunking - 200x100,meter,,electrical;trunking,"Derived from common Singapore practice (BCA CDE Data Standard, iNPQS references) and international classification standards (ISO 6707, Uniclass 2015, OmniClass, MasterFormat)."
MEP - Electrical,Conduits & Trunking,Cable Tray,Cable Tray - 100mm,meter,,electrical;tray,"Derived from common Singapore practice (BCA CDE Data Standard, iNPQS references) and international classification standards (ISO 6707, Uniclass 2015, OmniClass, MasterFormat)."
MEP - Electrical,Conduits & Trunking,Cable Tray,Cable Tray - 150mm,meter,,electrical;tray,"Derived from common Singapore practice (BCA CDE Data Standard, iNPQS references) and international classification standards (ISO 6707, Uniclass 2015, OmniClass, MasterFormat)."
MEP - Electrical,Conduits & Trunking,Cable Tray,Cable Tray - 200mm,meter,,electrical;tray,"Derived from common Singapore practice (BCA CDE Data Standard, iNPQS references) and international classification standards (ISO 6707, Uniclass 2015, OmniClass, MasterFormat)."
MEP - Electrical,Conduits & Trunking,Cable Tray,Cable Tray - 300mm,meter,,electrical;tray,"Derived from common Singapore practice (BCA CDE Data Standard, iNPQS references) and international classification standards (ISO 6707, Uniclass 2015, OmniClass, MasterFormat)."
MEP - Electrical,Conduits & Trunking,Cable Tray,Cable Tray - 450mm,meter,,electrical;tray,"Derived from common Singapore practice (BCA CDE Data Standard, iNPQS references) and international classification standards (ISO 6707, Uniclass 2015, OmniClass, MasterFormat)."
MEP - Electrical,Conduits & Trunking,Cable Tray,Cable Tray - 600mm,meter,,electrical;tray,"Derived from common Singapore practice (BCA CDE Data Standard, iNPQS references) and international classification standards (ISO 6707, Uniclass 2015, OmniClass, MasterFormat)."
MEP - Electrical,Switchgear & Distribution,MCB,MCB - 6A,each,,electrical;switchgear,"Derived from common Singapore practice (BCA CDE Data Standard, iNPQS references) and international classification standards (ISO 6707, Uniclass 2015, OmniClass, MasterFormat)."
MEP - Electrical,Switchgear & Distribution,MCB,MCB - 10A,each,,electrical;switchgear,"Derived from common Singapore practice (BCA CDE Data Standard, iNPQS references) and international classification standards (ISO 6707, Uniclass 2015, OmniClass, MasterFormat)."
MEP - Electrical,Switchgear & Distribution,MCB,MCB - 16A,each,,electrical;switchgear,"Derived from common Singapore practice (BCA CDE Data Standard, iNPQS references) and international classification standards (ISO 6707, Uniclass 2015, OmniClass, MasterFormat)."
MEP - Electrical,Switchgear & Distribution,MCB,MCB - 20A,each,,electrical;switchgear,"Derived from common Singapore practice (BCA CDE Data Standard, iNPQS references) and international classification standards (ISO 6707, Uniclass 2015, OmniClass, MasterFormat)."
MEP - Electrical,Switchgear & Distribution,MCB,MCB - 25A,each,,electrical;switchgear,"Derived from common Singapore practice (BCA CDE Data Standard, iNPQS references) and international classification standards (ISO 6707, Uniclass 2015, OmniClass, MasterFormat)."
MEP - Electrical,Switchgear & Distribution,MCB,MCB - 32A,each,,electrical;switchgear,"Derived from common Singapore practice (BCA CDE Data Standard, iNPQS references) and international classification standards (ISO 6707, Uniclass 2015, OmniClass, MasterFormat)."
MEP - Electrical,Switchgear & Distribution,MCB,MCB - 40A,each,,electrical;switchgear,"Derived from common Singapore practice (BCA CDE Data Standard, iNPQS references) and international classification standards (ISO 6707, Uniclass 2015, OmniClass, MasterFormat)."
MEP - Electrical,Switchgear & Distribution,MCB,MCB - 63A,each,,electrical;switchgear,"Derived from common Singapore practice (BCA CDE Data Standard, iNPQS references) and international classification standards (ISO 6707, Uniclass 2015, OmniClass, MasterFormat)."
MEP - Electrical,Switchgear & Distribution,MCCB,MCCB - 100A,each,,electrical;switchgear,"Derived from common Singapore practice (BCA CDE Data Standard, iNPQS references) and international classification standards (ISO 6707, Uniclass 2015, OmniClass, MasterFormat)."
MEP - Electrical,Switchgear & Distribution,MCCB,MCCB - 160A,each,,electrical;switchgear,"Derived from common Singapore practice (BCA CDE Data Standard, iNPQS references) and international classification standards (ISO 6707, Uniclass 2015, OmniClass, MasterFormat)."
MEP - Electrical,Switchgear & Distribution,MCCB,MCCB - 250A,each,,electrical;switchgear,"Derived from common Singapore practice (BCA CDE Data Standard, iNPQS references) and international classification standards (ISO 6707, Uniclass 2015, OmniClass, MasterFormat)."
MEP - Electrical,Switchgear & Distribution,MCCB,MCCB - 400A,each,,electrical;switchgear,"Derived from common Singapore practice (BCA CDE Data Standard, iNPQS references) and international classification standards (ISO 6707, Uniclass 2015, OmniClass, MasterFormat)."
MEP - Electrical,Switchgear & Distribution,MCCB,MCCB - 630A,each,,electrical;switchgear,"Derived from common Singapore practice (BCA CDE Data Standard, iNPQS references) and international classification standards (ISO 6707, Uniclass 2015, OmniClass, MasterFormat)."
MEP - Electrical,Switchgear & Distribution,Distribution Board,Distribution Board - 4-way,each,,electrical;switchgear,"Derived from common Singapore practice (BCA CDE Data Standard, iNPQS references) and international classification standards (ISO 6707, Uniclass 2015, OmniClass, MasterFormat)."
MEP - Electrical,Switchgear & Distribution,Distribution Board,Distribution Board - 8-way,each,,electrical;switchgear,"Derived from common Singapore practice (BCA CDE Data Standard, iNPQS references) and international classification standards (ISO 6707, Uniclass 2015, OmniClass, MasterFormat)."
MEP - Electrical,Switchgear & Distribution,Distribution Board,Distribution Board - 12-way,each,,electrical;switchgear,"Derived from common Singapore practice (BCA CDE Data Standard, iNPQS references) and international classification standards (ISO 6707, Uniclass 2015, OmniClass, MasterFormat)."
MEP - Electrical,Switchgear & Distribution,Distribution Board,Distribution Board - 18-way,each,,electrical;switchgear,"Derived from common Singapore practice (BCA CDE Data Standard, iNPQS references) and international classification standards (ISO 6707, Uniclass 2015, OmniClass, MasterFormat)."
MEP - Electrical,Switchgear & Distribution,Distribution Board,Distribution Board - 24-way,each,,electrical;switchgear,"Derived from common Singapore practice (BCA CDE Data Standard, iNPQS references) and international classification standards (ISO 6707, Uniclass 2015, OmniClass, MasterFormat)."
MEP - Electrical,Lighting,LED Panel,LED Panel - 600x600 36W,each,,electrical;lighting,"Derived from common Singapore practice (BCA CDE Data Standard, iNPQS references) and international classification standards (ISO 6707, Uniclass 2015, OmniClass, MasterFormat)."
MEP - Electrical,Lighting,LED Panel,LED Panel - 1200x300 36W,each,,electrical;lighting,"Derived from common Singapore practice (BCA CDE Data Standard, iNPQS references) and international classification standards (ISO 6707, Uniclass 2015, OmniClass, MasterFormat)."
MEP - Electrical,Lighting,Downlight,Downlight - 10W,each,,electrical;lighting,"Derived from common Singapore practice (BCA CDE Data Standard, iNPQS references) and international classification standards (ISO 6707, Uniclass 2015, OmniClass, MasterFormat)."
MEP - Electrical,Lighting,Downlight,Downlight - 15W,each,,electrical;lighting,"Derived from common Singapore practice (BCA CDE Data Standard, iNPQS references) and international classification standards (ISO 6707, Uniclass 2015, OmniClass, MasterFormat)."
MEP - Electrical,Lighting,Downlight,Downlight - 20W,each,,electrical;lighting,"Derived from common Singapore practice (BCA CDE Data Standard, iNPQS references) and international classification standards (ISO 6707, Uniclass 2015, OmniClass, MasterFormat)."
MEP - Electrical,Earthing & Bonding,Earth Rod,Earth Rod - 16mm x 1.2m,each,,electrical;earthing,"Derived from common Singapore practice (BCA CDE Data Standard, iNPQS references) and international classification standards (ISO 6707, Uniclass 2015, OmniClass, MasterFormat)."
MEP - Electrical,Earthing & Bonding,Earth Rod,Earth Rod - 16mm x 2.4m,each,,electrical;earthing,"Derived from common Singapore practice (BCA CDE Data Standard, iNPQS references) and international classification standards (ISO 6707, Uniclass 2015, OmniClass, MasterFormat)."
MEP - Electrical,Earthing & Bonding,Earth Tape,Earth Tape - 25x3mm,meter,,electrical;earthing,"Derived from common Singapore practice (BCA CDE Data Standard, iNPQS references) and international classification standards (ISO 6707, Uniclass 2015, OmniClass, MasterFormat)."
MEP - Electrical,Earthing & Bonding,Earth Tape,Earth Tape - 50x6mm,meter,,electrical;earthing,"Derived from common Singapore practice (BCA CDE Data Standard, iNPQS references) and international classification standards (ISO 6707, Uniclass 2015, OmniClass, MasterFormat)."
MEP - Electrical,Earthing & Bonding,Cable Lugs,Cable Lugs - 16sqmm,each,,electrical;earthing,"Derived from common Singapore practice (BCA CDE Data Standard, iNPQS references) and international classification standards (ISO 6707, Uniclass 2015, OmniClass, MasterFormat)."
MEP - Electrical,Earthing & Bonding,Cable Lugs,Cable Lugs - 25sqmm,each,,electrical;earthing,"Derived from common Singapore practice (BCA CDE Data Standard, iNPQS references) and international classification standards (ISO 6707, Uniclass 2015, OmniClass, MasterFormat)."
MEP - Electrical,Earthing & Bonding,Cable Lugs,Cable Lugs - 35sqmm,each,,electrical;earthing,"Derived from common Singapore practice (BCA CDE Data Standard, iNPQS references) and international classification standards (ISO 6707, Uniclass 2015, OmniClass, MasterFormat)."
MEP - Electrical,Earthing & Bonding,Cable Lugs,Cable Lugs - 50sqmm,each,,electrical;earthing,"Derived from common Singapore practice (BCA CDE Data Standard, iNPQS references) and international classification standards (ISO 6707, Uniclass 2015, OmniClass, MasterFormat)."
MEP - Electrical,Earthing & Bonding,Cable Lugs,Cable Lugs - 70sqmm,each,,electrical;earthing,"Derived from common Singapore practice (BCA CDE Data Standard, iNPQS references) and international classification standards (ISO 6707, Uniclass 2015, OmniClass, MasterFormat)."
MEP - Electrical,Earthing & Bonding,Cable Lugs,Cable Lugs - 95sqmm,each,,electrical;earthing,"Derived from common Singapore practice (BCA CDE Data Standard, iNPQS references) and international classification standards (ISO 6707, Uniclass 2015, OmniClass, MasterFormat)."
MEP - Electrical,Earthing & Bonding,Cable Lugs,Cable Lugs - 120sqmm,each,,electrical;earthing,"Derived from common Singapore practice (BCA CDE Data Standard, iNPQS references) and international classification standards (ISO 6707, Uniclass 2015, OmniClass, MasterFormat)."
MEP - Electrical,Earthing & Bonding,Cable Lugs,Cable Lugs - 150sqmm,each,,electrical;earthing,"Derived from common Singapore practice (BCA CDE Data Standard, iNPQS references) and international classification standards (ISO 6707, Uniclass 2015, OmniClass, MasterFormat)."
MEP - Electrical,Earthing & Bonding,Cable Lugs,Cable Lugs - 185sqmm,each,,electrical;earthing,"Derived from common Singapore practice (BCA CDE Data Standard, iNPQS references) and international classification standards (ISO 6707, Uniclass 2015, OmniClass, MasterFormat)."
MEP - Electrical,Earthing & Bonding,Cable Lugs,Cable Lugs - 240sqmm,each,,electrical;earthing,"Derived from common Singapore practice (BCA CDE Data Standard, iNPQS references) and international classification standards (ISO 6707, Uniclass 2015, OmniClass, MasterFormat)."
MEP - Mechanical (HVAC),Ductwork & Insulation,GI Duct,GI Duct - 200x200,square_meter,,hvac;duct,"Derived from common Singapore practice (BCA CDE Data Standard, iNPQS references) and international classification standards (ISO 6707, Uniclass 2015, OmniClass, MasterFormat)."
MEP - Mechanical (HVAC),Ductwork & Insulation,GI Duct,GI Duct - 300x200,square_meter,,hvac;duct,"Derived from common Singapore practice (BCA CDE Data Standard, iNPQS references) and international classification standards (ISO 6707, Uniclass 2015, OmniClass, MasterFormat)."
MEP - Mechanical (HVAC),Ductwork & Insulation,GI Duct,GI Duct - 400x200,square_meter,,hvac;duct,"Derived from common Singapore practice (BCA CDE Data Standard, iNPQS references) and international classification standards (ISO 6707, Uniclass 2015, OmniClass, MasterFormat)."
MEP - Mechanical (HVAC),Ductwork & Insulation,GI Duct,GI Duct - 600x300,square_meter,,hvac;duct,"Derived from common Singapore practice (BCA CDE Data Standard, iNPQS references) and international classification standards (ISO 6707, Uniclass 2015, OmniClass, MasterFormat)."
MEP - Mechanical (HVAC),Ductwork & Insulation,GI Duct,GI Duct - 800x400,square_meter,,hvac;duct,"Derived from common Singapore practice (BCA CDE Data Standard, iNPQS references) and international classification standards (ISO 6707, Uniclass 2015, OmniClass, MasterFormat)."
MEP - Mechanical (HVAC),Ductwork & Insulation,Duct Insulation,Duct Insulation - 25mm glasswool,square_meter,,hvac;insulation,"Derived from common Singapore practice (BCA CDE Data Standard, iNPQS references) and international classification standards (ISO 6707, Uniclass 2015, OmniClass, MasterFormat)."
MEP - Mechanical (HVAC),Ductwork & Insulation,Duct Insulation,Duct Insulation - 50mm glasswool,square_meter,,hvac;insulation,"Derived from common Singapore practice (BCA CDE Data Standard, iNPQS references) and international classification standards (ISO 6707, Uniclass 2015, OmniClass, MasterFormat)."
MEP - Mechanical (HVAC),Chilled Water System,Chilled Water Pipe (Black Steel),Chilled Water Pipe (Black Steel) - 25mm,meter,,hvac;pipe,"Derived from common Singapore practice (BCA CDE Data Standard, iNPQS references) and international classification standards (ISO 6707, Uniclass 2015, OmniClass, MasterFormat)."
MEP - Mechanical (HVAC),Chilled Water System,Chilled Water Pipe (Black Steel),Chilled Water Pipe (Black Steel) - 32mm,meter,,hvac;pipe,"Derived from common Singapore practice (BCA CDE Data Standard, iNPQS references) and international classification standards (ISO 6707, Uniclass 2015, OmniClass, MasterFormat)."
MEP - Mechanical (HVAC),Chilled Water System,Chilled Water Pipe (Black Steel),Chilled Water Pipe (Black Steel) - 40mm,meter,,hvac;pipe,"Derived from common Singapore practice (BCA CDE Data Standard, iNPQS references) and international classification standards (ISO 6707, Uniclass 2015, OmniClass, MasterFormat)."
MEP - Mechanical (HVAC),Chilled Water System,Chilled Water Pipe (Black Steel),Chilled Water Pipe (Black Steel) - 50mm,meter,,hvac;pipe,"Derived from common Singapore practice (BCA CDE Data Standard, iNPQS references) and international classification standards (ISO 6707, Uniclass 2015, OmniClass, MasterFormat)."
MEP - Mechanical (HVAC),Chilled Water System,Chilled Water Pipe (Black Steel),Chilled Water Pipe (Black Steel) - 65mm,meter,,hvac;pipe,"Derived from common Singapore practice (BCA CDE Data Standard, iNPQS references) and international classification standards (ISO 6707, Uniclass 2015, OmniClass, MasterFormat)."
MEP - Mechanical (HVAC),Chilled Water System,Chilled Water Pipe (Black Steel),Chilled Water Pipe (Black Steel) - 80mm,meter,,hvac;pipe,"Derived from common Singapore practice (BCA CDE Data Standard, iNPQS references) and international classification standards (ISO 6707, Uniclass 2015, OmniClass, MasterFormat)."
MEP - Mechanical (HVAC),Chilled Water System,Chilled Water Pipe (Black Steel),Chilled Water Pipe (Black Steel) - 100mm,meter,,hvac;pipe,"Derived from common Singapore practice (BCA CDE Data Standard, iNPQS references) and international classification standards (ISO 6707, Uniclass 2015, OmniClass, MasterFormat)."
MEP - Mechanical (HVAC),Chilled Water System,Chilled Water Pipe (Black Steel),Chilled Water Pipe (Black Steel) - 150mm,meter,,hvac;pipe,"Derived from common Singapore practice (BCA CDE Data Standard, iNPQS references) and international classification standards (ISO 6707, Uniclass 2015, OmniClass, MasterFormat)."
MEP - Mechanical (HVAC),Chilled Water System,Chilled Water Pipe (Black Steel),Chilled Water Pipe (Black Steel) - 200mm,meter,,hvac;pipe,"Derived from common Singapore practice (BCA CDE Data Standard, iNPQS references) and international classification standards (ISO 6707, Uniclass 2015, OmniClass, MasterFormat)."
MEP - Mechanical (HVAC),Chilled Water System,Chilled Water Valve,Chilled Water Valve - 25mm,each,,hvac;valve,"Derived from common Singapore practice (BCA CDE Data Standard, iNPQS references) and international classification standards (ISO 6707, Uniclass 2015, OmniClass, MasterFormat)."
MEP - Mechanical (HVAC),Chilled Water System,Chilled Water Valve,Chilled Water Valve - 32mm,each,,hvac;valve,"Derived from common Singapore practice (BCA CDE Data Standard, iNPQS references) and international classification standards (ISO 6707, Uniclass 2015, OmniClass, MasterFormat)."
MEP - Mechanical (HVAC),Chilled Water System,Chilled Water Valve,Chilled Water Valve - 40mm,each,,hvac;valve,"Derived from common Singapore practice (BCA CDE Data Standard, iNPQS references) and international classification standards (ISO 6707, Uniclass 2015, OmniClass, MasterFormat)."
MEP - Mechanical (HVAC),Chilled Water System,Chilled Water Valve,Chilled Water Valve - 50mm,each,,hvac;valve,"Derived from common Singapore practice (BCA CDE Data Standard, iNPQS references) and international classification standards (ISO 6707, Uniclass 2015, OmniClass, MasterFormat)."
MEP - Mechanical (HVAC),Chilled Water System,Chilled Water Valve,Chilled Water Valve - 65mm,each,,hvac;valve,"Derived from common Singapore practice (BCA CDE Data Standard, iNPQS references) and international classification standards (ISO 6707, Uniclass 2015, OmniClass, MasterFormat)."
MEP - Mechanical (HVAC),Chilled Water System,Chilled Water Valve,Chilled Water Valve - 80mm,each,,hvac;valve,"Derived from common Singapore practice (BCA CDE Data Standard, iNPQS references) and international classification standards (ISO 6707, Uniclass 2015, OmniClass, MasterFormat)."
MEP - Mechanical (HVAC),Chilled Water System,Chilled Water Valve,Chilled Water Valve - 100mm,each,,hvac;valve,"Derived from common Singapore practice (BCA CDE Data Standard, iNPQS references) and international classification standards (ISO 6707, Uniclass 2015, OmniClass, MasterFormat)."
MEP - Mechanical (HVAC),Chilled Water System,Chilled Water Valve,Chilled Water Valve - 150mm,each,,hvac;valve,"Derived from common Singapore practice (BCA CDE Data Standard, iNPQS references) and international classification standards (ISO 6707, Uniclass 2015, OmniClass, MasterFormat)."
MEP - Mechanical (HVAC),Chilled Water System,Chilled Water Valve,Chilled Water Valve - 200mm,each,,hvac;valve,"Derived from common Singapore practice (BCA CDE Data Standard, iNPQS references) and international classification standards (ISO 6707, Uniclass 2015, OmniClass, MasterFormat)."
MEP - Mechanical (HVAC),Air-Conditioning Equipment,Fan Coil Unit,Fan Coil Unit - 500 CFM,each,,hvac;equipment,"Derived from common Singapore practice (BCA CDE Data Standard, iNPQS references) and international classification standards (ISO 6707, Uniclass 2015, OmniClass, MasterFormat)."
MEP - Mechanical (HVAC),Air-Conditioning Equipment,Fan Coil Unit,Fan Coil Unit - 750 CFM,each,,hvac;equipment,"Derived from common Singapore practice (BCA CDE Data Standard, iNPQS references) and international classification standards (ISO 6707, Uniclass 2015, OmniClass, MasterFormat)."
MEP - Mechanical (HVAC),Air-Conditioning Equipment,Fan Coil Unit,Fan Coil Unit - 1000 CFM,each,,hvac;equipment,"Derived from common Singapore practice (BCA CDE Data Standard, iNPQS references) and international classification standards (ISO 6707, Uniclass 2015, OmniClass, MasterFormat)."
MEP - Mechanical (HVAC),Air-Conditioning Equipment,Fan Coil Unit,Fan Coil Unit - 1500 CFM,each,,hvac;equipment,"Derived from common Singapore practice (BCA CDE Data Standard, iNPQS references) and international classification standards (ISO 6707, Uniclass 2015, OmniClass, MasterFormat)."
MEP - Mechanical (HVAC),Air-Conditioning Equipment,Fan Coil Unit,Fan Coil Unit - 2000 CFM,each,,hvac;equipment,"Derived from common Singapore practice (BCA CDE Data Standard, iNPQS references) and international classification standards (ISO 6707, Uniclass 2015, OmniClass, MasterFormat)."
MEP - Mechanical (HVAC),Air-Conditioning Equipment,Air Handling Unit,Air Handling Unit - 2000 CFM,each,,hvac;equipment,"Derived from common Singapore practice (BCA CDE Data Standard, iNPQS references) and international classification standards (ISO 6707, Uniclass 2015, OmniClass, MasterFormat)."
MEP - Mechanical (HVAC),Air-Conditioning Equipment,Air Handling Unit,Air Handling Unit - 3000 CFM,each,,hvac;equipment,"Derived from common Singapore practice (BCA CDE Data Standard, iNPQS references) and international classification standards (ISO 6707, Uniclass 2015, OmniClass, MasterFormat)."
MEP - Mechanical (HVAC),Air-Conditioning Equipment,Air Handling Unit,Air Handling Unit - 5000 CFM,each,,hvac;equipment,"Derived from common Singapore practice (BCA CDE Data Standard, iNPQS references) and international classification standards (ISO 6707, Uniclass 2015, OmniClass, MasterFormat)."
MEP - Mechanical (HVAC),Air-Conditioning Equipment,Air Handling Unit,Air Handling Unit - 10000 CFM,each,,hvac;equipment,"Derived from common Singapore practice (BCA CDE Data Standard, iNPQS references) and international classification standards (ISO 6707, Uniclass 2015, OmniClass, MasterFormat)."
MEP - Mechanical (HVAC),Air-Conditioning Equipment,Copper Pipe (Refrigerant),"Copper Pipe (Refrigerant) - 1/4""",meter,,hvac;pipe,"Derived from common Singapore practice (BCA CDE Data Standard, iNPQS references) and international classification standards (ISO 6707, Uniclass 2015, OmniClass, MasterFormat)."
MEP - Mechanical (HVAC),Air-Conditioning Equipment,Copper Pipe (Refrigerant),"Copper Pipe (Refrigerant) - 3/8""",meter,,hvac;pipe,"Derived from common Singapore practice (BCA CDE Data Standard, iNPQS references) and international classification standards (ISO 6707, Uniclass 2015, OmniClass, MasterFormat)."
MEP - Mechanical (HVAC),Air-Conditioning Equipment,Copper Pipe (Refrigerant),"Copper Pipe (Refrigerant) - 1/2""",meter,,hvac;pipe,"Derived from common Singapore practice (BCA CDE Data Standard, iNPQS references) and international classification standards (ISO 6707, Uniclass 2015, OmniClass, MasterFormat)."
MEP - Mechanical (HVAC),Air-Conditioning Equipment,Copper Pipe (Refrigerant),"Copper Pipe (Refrigerant) - 5/8""",meter,,hvac;pipe,"Derived from common Singapore practice (BCA CDE Data Standard, iNPQS references) and international classification standards (ISO 6707, Uniclass 2015, OmniClass, MasterFormat)."
MEP - Mechanical (HVAC),Air-Conditioning Equipment,Copper Pipe (Refrigerant),"Copper Pipe (Refrigerant) - 3/4""",meter,,hvac;pipe,"Derived from common Singapore practice (BCA CDE Data Standard, iNPQS references) and international classification standards (ISO 6707, Uniclass 2015, OmniClass, MasterFormat)."
MEP - Mechanical (HVAC),Air-Conditioning Equipment,Copper Pipe (Refrigerant),"Copper Pipe (Refrigerant) - 1""",meter,,hvac;pipe,"Derived from common Singapore practice (BCA CDE Data Standard, iNPQS references) and international classification standards (ISO 6707, Uniclass 2015, OmniClass, MasterFormat)."
MEP - Plumbing & Sanitary,Pipes & Fittings,uPVC Pipe,uPVC Pipe - 50mm,meter,,plumbing;pipe,"Derived from common Singapore practice (BCA CDE Data Standard, iNPQS references) and international classification standards (ISO 6707, Uniclass 2015, OmniClass, MasterFormat)."
MEP - Plumbing & Sanitary,Pipes & Fittings,uPVC Pipe,uPVC Pipe - 75mm,meter,,plumbing;pipe,"Derived from common Singapore practice (BCA CDE Data Standard, iNPQS references) and international classification standards (ISO 6707, Uniclass 2015, OmniClass, MasterFormat)."
MEP - Plumbing & Sanitary,Pipes & Fittings,uPVC Pipe,uPVC Pipe - 100mm,meter,,plumbing;pipe,"Derived from common Singapore practice (BCA CDE Data Standard, iNPQS references) and international classification standards (ISO 6707, Uniclass 2015, OmniClass, MasterFormat)."
MEP - Plumbing & Sanitary,Pipes & Fittings,uPVC Pipe,uPVC Pipe - 150mm,meter,,plumbing;pipe,"Derived from common Singapore practice (BCA CDE Data Standard, iNPQS references) and international classification standards (ISO 6707, Uniclass 2015, OmniClass, MasterFormat)."
MEP - Plumbing & Sanitary,Pipes & Fittings,uPVC Pipe,uPVC Pipe - 200mm,meter,,plumbing;pipe,"Derived from common Singapore practice (BCA CDE Data Standard, iNPQS references) and international classification standards (ISO 6707, Uniclass 2015, OmniClass, MasterFormat)."
MEP - Plumbing & Sanitary,Pipes & Fittings,HDPE Pipe,HDPE Pipe - 25mm,meter,,plumbing;pipe,"Derived from common Singapore practice (BCA CDE Data Standard, iNPQS references) and international classification standards (ISO 6707, Uniclass 2015, OmniClass, MasterFormat)."
MEP - Plumbing & Sanitary,Pipes & Fittings,HDPE Pipe,HDPE Pipe - 32mm,meter,,plumbing;pipe,"Derived from common Singapore practice (BCA CDE Data Standard, iNPQS references) and international classification standards (ISO 6707, Uniclass 2015, OmniClass, MasterFormat)."
MEP - Plumbing & Sanitary,Pipes & Fittings,HDPE Pipe,HDPE Pipe - 40mm,meter,,plumbing;pipe,"Derived from common Singapore practice (BCA CDE Data Standard, iNPQS references) and international classification standards (ISO 6707, Uniclass 2015, OmniClass, MasterFormat)."
MEP - Plumbing & Sanitary,Pipes & Fittings,HDPE Pipe,HDPE Pipe - 50mm,meter,,plumbing;pipe,"Derived from common Singapore practice (BCA CDE Data Standard, iNPQS references) and international classification standards (ISO 6707, Uniclass 2015, OmniClass, MasterFormat)."
MEP - Plumbing & Sanitary,Pipes & Fittings,HDPE Pipe,HDPE Pipe - 75mm,meter,,plumbing;pipe,"Derived from common Singapore practice (BCA CDE Data Standard, iNPQS references) and international classification standards (ISO 6707, Uniclass 2015, OmniClass, MasterFormat)."
MEP - Plumbing & Sanitary,Pipes & Fittings,HDPE Pipe,HDPE Pipe - 110mm,meter,,plumbing;pipe,"Derived from common Singapore practice (BCA CDE Data Standard, iNPQS references) and international classification standards (ISO 6707, Uniclass 2015, OmniClass, MasterFormat)."
MEP - Plumbing & Sanitary,Pipes & Fittings,HDPE Pipe,HDPE Pipe - 160mm,meter,,plumbing;pipe,"Derived from common Singapore practice (BCA CDE Data Standard, iNPQS references) and international classification standards (ISO 6707, Uniclass 2015, OmniClass, MasterFormat)."
MEP - Plumbing & Sanitary,Pipes & Fittings,HDPE Pipe,HDPE Pipe - 200mm,meter,,plumbing;pipe,"Derived from common Singapore practice (BCA CDE Data Standard, iNPQS references) and international classification standards (ISO 6707, Uniclass 2015, OmniClass, MasterFormat)."
MEP - Plumbing & Sanitary,Pipes & Fittings,PPR Pipe,PPR Pipe - 20mm,meter,,plumbing;pipe,"Derived from common Singapore practice (BCA CDE Data Standard, iNPQS references) and international classification standards (ISO 6707, Uniclass 2015, OmniClass, MasterFormat)."
MEP - Plumbing & Sanitary,Pipes & Fittings,PPR Pipe,PPR Pipe - 25mm,meter,,plumbing;pipe,"Derived from common Singapore practice (BCA CDE Data Standard, iNPQS references) and international classification standards (ISO 6707, Uniclass 2015, OmniClass, MasterFormat)."
MEP - Plumbing & Sanitary,Pipes & Fittings,PPR Pipe,PPR Pipe - 32mm,meter,,plumbing;pipe,"Derived from common Singapore practice (BCA CDE Data Standard, iNPQS references) and international classification standards (ISO 6707, Uniclass 2015, OmniClass, MasterFormat)."
MEP - Plumbing & Sanitary,Pipes & Fittings,PPR Pipe,PPR Pipe - 40mm,meter,,plumbing;pipe,"Derived from common Singapore practice (BCA CDE Data Standard, iNPQS references) and international classification standards (ISO 6707, Uniclass 2015, OmniClass, MasterFormat)."
MEP - Plumbing & Sanitary,Pipes & Fittings,PPR Pipe,PPR Pipe - 50mm,meter,,plumbing;pipe,"Derived from common Singapore practice (BCA CDE Data Standard, iNPQS references) and international classification standards (ISO 6707, Uniclass 2015, OmniClass, MasterFormat)."
MEP - Plumbing & Sanitary,Pipes & Fittings,PPR Pipe,PPR Pipe - 63mm,meter,,plumbing;pipe,"Derived from common Singapore practice (BCA CDE Data Standard, iNPQS references) and international classification standards (ISO 6707, Uniclass 2015, OmniClass, MasterFormat)."
MEP - Plumbing & Sanitary,Pipes & Fittings,PPR Pipe,PPR Pipe - 75mm,meter,,plumbing;pipe,"Derived from common Singapore practice (BCA CDE Data Standard, iNPQS references) and international classification standards (ISO 6707, Uniclass 2015, OmniClass, MasterFormat)."
MEP - Plumbing & Sanitary,Pipes & Fittings,PPR Pipe,PPR Pipe - 90mm,meter,,plumbing;pipe,"Derived from common Singapore practice (BCA CDE Data Standard, iNPQS references) and international classification standards (ISO 6707, Uniclass 2015, OmniClass, MasterFormat)."
MEP - Plumbing & Sanitary,Pipes & Fittings,PPR Pipe,PPR Pipe - 110mm,meter,,plumbing;pipe,"Derived from common Singapore practice (BCA CDE Data Standard, iNPQS references) and international classification standards (ISO 6707, Uniclass 2015, OmniClass, MasterFormat)."
MEP - Plumbing & Sanitary,Pipes & Fittings,Copper Pipe,Copper Pipe - 15mm,meter,,plumbing;pipe,"Derived from common Singapore practice (BCA CDE Data Standard, iNPQS references) and international classification standards (ISO 6707, Uniclass 2015, OmniClass, MasterFormat)."
MEP - Plumbing & Sanitary,Pipes & Fittings,Copper Pipe,Copper Pipe - 22mm,meter,,plumbing;pipe,"Derived from common Singapore practice (BCA CDE Data Standard, iNPQS references) and international classification standards (ISO 6707, Uniclass 2015, OmniClass, MasterFormat)."
MEP - Plumbing & Sanitary,Pipes & Fittings,Copper Pipe,Copper Pipe - 28mm,meter,,plumbing;pipe,"Derived from common Singapore practice (BCA CDE Data Standard, iNPQS references) and international classification standards (ISO 6707, Uniclass 2015, OmniClass, MasterFormat)."
MEP - Plumbing & Sanitary,Pipes & Fittings,Copper Pipe,Copper Pipe - 35mm,meter,,plumbing;pipe,"Derived from common Singapore practice (BCA CDE Data Standard, iNPQS references) and international classification standards (ISO 6707, Uniclass 2015, OmniClass, MasterFormat)."
MEP - Plumbing & Sanitary,Pipes & Fittings,Copper Pipe,Copper Pipe - 42mm,meter,,plumbing;pipe,"Derived from common Singapore practice (BCA CDE Data Standard, iNPQS references) and international classification standards (ISO 6707, Uniclass 2015, OmniClass, MasterFormat)."
MEP - Plumbing & Sanitary,Pipes & Fittings,Copper Pipe,Copper Pipe - 54mm,meter,,plumbing;pipe,"Derived from common Singapore practice (BCA CDE Data Standard, iNPQS references) and international classification standards (ISO 6707, Uniclass 2015, OmniClass, MasterFormat)."
MEP - Plumbing & Sanitary,Pipes & Fittings,uPVC Elbow,uPVC Elbow - 50mm,each,,plumbing;fitting,"Derived from common Singapore practice (BCA CDE Data Standard, iNPQS references) and international classification standards (ISO 6707, Uniclass 2015, OmniClass, MasterFormat)."
MEP - Plumbing & Sanitary,Pipes & Fittings,uPVC Elbow,uPVC Elbow - 75mm,each,,plumbing;fitting,"Derived from common Singapore practice (BCA CDE Data Standard, iNPQS references) and international classification standards (ISO 6707, Uniclass 2015, OmniClass, MasterFormat)."
MEP - Plumbing & Sanitary,Pipes & Fittings,uPVC Elbow,uPVC Elbow - 100mm,each,,plumbing;fitting,"Derived from common Singapore practice (BCA CDE Data Standard, iNPQS references) and international classification standards (ISO 6707, Uniclass 2015, OmniClass, MasterFormat)."
MEP - Plumbing & Sanitary,Pipes & Fittings,uPVC Elbow,uPVC Elbow - 150mm,each,,plumbing;fitting,"Derived from common Singapore practice (BCA CDE Data Standard, iNPQS references) and international classification standards (ISO 6707, Uniclass 2015, OmniClass, MasterFormat)."
MEP - Plumbing & Sanitary,Pipes & Fittings,uPVC Tee,uPVC Tee - 50mm,each,,plumbing;fitting,"Derived from common Singapore practice (BCA CDE Data Standard, iNPQS references) and international classification standards (ISO 6707, Uniclass 2015, OmniClass, MasterFormat)."
MEP - Plumbing & Sanitary,Pipes & Fittings,uPVC Tee,uPVC Tee - 75mm,each,,plumbing;fitting,"Derived from common Singapore practice (BCA CDE Data Standard, iNPQS references) and international classification standards (ISO 6707, Uniclass 2015, OmniClass, MasterFormat)."
MEP - Plumbing & Sanitary,Pipes & Fittings,uPVC Tee,uPVC Tee - 100mm,each,,plumbing;fitting,"Derived from common Singapore practice (BCA CDE Data Standard, iNPQS references) and international classification standards (ISO 6707, Uniclass 2015, OmniClass, MasterFormat)."
MEP - Plumbing & Sanitary,Pipes & Fittings,uPVC Tee,uPVC Tee - 150mm,each,,plumbing;fitting,"Derived from common Singapore practice (BCA CDE Data Standard, iNPQS references) and international classification standards (ISO 6707, Uniclass 2015, OmniClass, MasterFormat)."
MEP - Plumbing & Sanitary,Pipes & Fittings,uPVC Reducer,uPVC Reducer - 100x50,each,,plumbing;fitting,"Derived from common Singapore practice (BCA CDE Data Standard, iNPQS references) and international classification standards (ISO 6707, Uniclass 2015, OmniClass, MasterFormat)."
MEP - Plumbing & Sanitary,Pipes & Fittings,uPVC Reducer,uPVC Reducer - 150x100,each,,plumbing;fitting,"Derived from common Singapore practice (BCA CDE Data Standard, iNPQS references) and international classification standards (ISO 6707, Uniclass 2015, OmniClass, MasterFormat)."
MEP - Plumbing & Sanitary,Pipes & Fittings,uPVC Reducer,uPVC Reducer - 200x150,each,,plumbing;fitting,"Derived from common Singapore practice (BCA CDE Data Standard, iNPQS references) and international classification standards (ISO 6707, Uniclass 2015, OmniClass, MasterFormat)."
MEP - Plumbing & Sanitary,Sanitary Fixtures,Water Closet,Water Closet - Close coupled WC,each,,sanitary,"Derived from common Singapore practice (BCA CDE Data Standard, iNPQS references) and international classification standards (ISO 6707, Uniclass 2015, OmniClass, MasterFormat)."
MEP - Plumbing & Sanitary,Sanitary Fixtures,Water Closet,Water Closet - Wall hung WC,each,,sanitary,"Derived from common Singapore practice (BCA CDE Data Standard, iNPQS references) and international classification standards (ISO 6707, Uniclass 2015, OmniClass, MasterFormat)."
MEP - Plumbing & Sanitary,Sanitary Fixtures,Wash Basin,Wash Basin - Countertop basin,each,,sanitary,"Derived from common Singapore practice (BCA CDE Data Standard, iNPQS references) and international classification standards (ISO 6707, Uniclass 2015, OmniClass, MasterFormat)."
MEP - Plumbing & Sanitary,Sanitary Fixtures,Wash Basin,Wash Basin - Wall hung basin,each,,sanitary,"Derived from common Singapore practice (BCA CDE Data Standard, iNPQS references) and international classification standards (ISO 6707, Uniclass 2015, OmniClass, MasterFormat)."
MEP - Plumbing & Sanitary,Sanitary Fixtures,Urinal,Urinal - Wall hung urinal,each,,sanitary,"Derived from common Singapore practice (BCA CDE Data Standard, iNPQS references) and international classification standards (ISO 6707, Uniclass 2015, OmniClass, MasterFormat)."
MEP - Plumbing & Sanitary,Sanitary Fixtures,Kitchen Sink,Kitchen Sink - Single bowl sink,each,,sanitary,"Derived from common Singapore practice (BCA CDE Data Standard, iNPQS references) and international classification standards (ISO 6707, Uniclass 2015, OmniClass, MasterFormat)."
MEP - Plumbing & Sanitary,Sanitary Fixtures,Kitchen Sink,Kitchen Sink - Double bowl sink,each,,sanitary,"Derived from common Singapore practice (BCA CDE Data Standard, iNPQS references) and international classification standards (ISO 6707, Uniclass 2015, OmniClass, MasterFormat)."
MEP - Plumbing & Sanitary,Sanitary Fixtures,Tap,Tap - Basin mixer,each,,sanitary,"Derived from common Singapore practice (BCA CDE Data Standard, iNPQS references) and international classification standards (ISO 6707, Uniclass 2015, OmniClass, MasterFormat)."
MEP - Plumbing & Sanitary,Sanitary Fixtures,Tap,Tap - Sink mixer,each,,sanitary,"Derived from common Singapore practice (BCA CDE Data Standard, iNPQS references) and international classification standards (ISO 6707, Uniclass 2015, OmniClass, MasterFormat)."
MEP - Plumbing & Sanitary,Sanitary Fixtures,Tap,Tap - Bib tap,each,,sanitary,"Derived from common Singapore practice (BCA CDE Data Standard, iNPQS references) and international classification standards (ISO 6707, Uniclass 2015, OmniClass, MasterFormat)."
MEP - Plumbing & Sanitary,Sanitary Fixtures,Floor Trap,Floor Trap - 100mm floor trap,each,,sanitary,"Derived from common Singapore practice (BCA CDE Data Standard, iNPQS references) and international classification standards (ISO 6707, Uniclass 2015, OmniClass, MasterFormat)."
MEP - Plumbing & Sanitary,Sanitary Fixtures,Floor Trap,Floor Trap - 150mm floor trap,each,,sanitary,"Derived from common Singapore practice (BCA CDE Data Standard, iNPQS references) and international classification standards (ISO 6707, Uniclass 2015, OmniClass, MasterFormat)."
MEP - Plumbing & Sanitary,Pumps & Accessories,Booster Pump Set,Booster Pump Set - 1.0 HP,set,,plumbing;pump,"Derived from common Singapore practice (BCA CDE Data Standard, iNPQS references) and international classification standards (ISO 6707, Uniclass 2015, OmniClass, MasterFormat)."
MEP - Plumbing & Sanitary,Pumps & Accessories,Booster Pump Set,Booster Pump Set - 1.5 HP,set,,plumbing;pump,"Derived from common Singapore practice (BCA CDE Data Standard, iNPQS references) and international classification standards (ISO 6707, Uniclass 2015, OmniClass, MasterFormat)."
MEP - Plumbing & Sanitary,Pumps & Accessories,Booster Pump Set,Booster Pump Set - 2.0 HP,set,,plumbing;pump,"Derived from common Singapore practice (BCA CDE Data Standard, iNPQS references) and international classification standards (ISO 6707, Uniclass 2015, OmniClass, MasterFormat)."
MEP - Plumbing & Sanitary,Pumps & Accessories,Booster Pump Set,Booster Pump Set - 3.0 HP,set,,plumbing;pump,"Derived from common Singapore practice (BCA CDE Data Standard, iNPQS references) and international classification standards (ISO 6707, Uniclass 2015, OmniClass, MasterFormat)."
MEP - Plumbing & Sanitary,Pumps & Accessories,Water Heater,Water Heater - 50L,each,,plumbing,"Derived from common Singapore practice (BCA CDE Data Standard, iNPQS references) and international classification standards (ISO 6707, Uniclass 2015, OmniClass, MasterFormat)."
MEP - Plumbing & Sanitary,Pumps & Accessories,Water Heater,Water Heater - 80L,each,,plumbing,"Derived from common Singapore practice (BCA CDE Data Standard, iNPQS references) and international classification standards (ISO 6707, Uniclass 2015, OmniClass, MasterFormat)."
MEP - Plumbing & Sanitary,Pumps & Accessories,Water Heater,Water Heater - 100L,each,,plumbing,"Derived from common Singapore practice (BCA CDE Data Standard, iNPQS references) and international classification standards (ISO 6707, Uniclass 2015, OmniClass, MasterFormat)."
MEP - Plumbing & Sanitary,Pumps & Accessories,Water Heater,Water Heater - 150L,each,,plumbing,"Derived from common Singapore practice (BCA CDE Data Standard, iNPQS references) and international classification standards (ISO 6707, Uniclass 2015, OmniClass, MasterFormat)."
MEP - Fire Protection,Sprinkler System,Sprinkler Pipe (GI),Sprinkler Pipe (GI) - 25mm,meter,,fire;pipe,"Derived from common Singapore practice (BCA CDE Data Standard, iNPQS references) and international classification standards (ISO 6707, Uniclass 2015, OmniClass, MasterFormat)."
MEP - Fire Protection,Sprinkler System,Sprinkler Pipe (GI),Sprinkler Pipe (GI) - 32mm,meter,,fire;pipe,"Derived from common Singapore practice (BCA CDE Data Standard, iNPQS references) and international classification standards (ISO 6707, Uniclass 2015, OmniClass, MasterFormat)."
MEP - Fire Protection,Sprinkler System,Sprinkler Pipe (GI),Sprinkler Pipe (GI) - 40mm,meter,,fire;pipe,"Derived from common Singapore practice (BCA CDE Data Standard, iNPQS references) and international classification standards (ISO 6707, Uniclass 2015, OmniClass, MasterFormat)."
MEP - Fire Protection,Sprinkler System,Sprinkler Pipe (GI),Sprinkler Pipe (GI) - 50mm,meter,,fire;pipe,"Derived from common Singapore practice (BCA CDE Data Standard, iNPQS references) and international classification standards (ISO 6707, Uniclass 2015, OmniClass, MasterFormat)."
MEP - Fire Protection,Sprinkler System,Sprinkler Pipe (GI),Sprinkler Pipe (GI) - 65mm,meter,,fire;pipe,"Derived from common Singapore practice (BCA CDE Data Standard, iNPQS references) and international classification standards (ISO 6707, Uniclass 2015, OmniClass, MasterFormat)."
MEP - Fire Protection,Sprinkler System,Sprinkler Pipe (GI),Sprinkler Pipe (GI) - 80mm,meter,,fire;pipe,"Derived from common Singapore practice (BCA CDE Data Standard, iNPQS references) and international classification standards (ISO 6707, Uniclass 2015, OmniClass, MasterFormat)."
MEP - Fire Protection,Sprinkler System,Sprinkler Pipe (GI),Sprinkler Pipe (GI) - 100mm,meter,,fire;pipe,"Derived from common Singapore practice (BCA CDE Data Standard, iNPQS references) and international classification standards (ISO 6707, Uniclass 2015, OmniClass, MasterFormat)."
MEP - Fire Protection,Sprinkler System,Sprinkler Pipe (GI),Sprinkler Pipe (GI) - 150mm,meter,,fire;pipe,"Derived from common Singapore practice (BCA CDE Data Standard, iNPQS references) and international classification standards (ISO 6707, Uniclass 2015, OmniClass, MasterFormat)."
MEP - Fire Protection,Sprinkler System,Sprinkler Pipe (GI),Sprinkler Pipe (GI) - 200mm,meter,,fire;pipe,"Derived from common Singapore practice (BCA CDE Data Standard, iNPQS references) and international classification standards (ISO 6707, Uniclass 2015, OmniClass, MasterFormat)."
MEP - Fire Protection,Sprinkler System,Sprinkler Head,Sprinkler Head - Pendent 68C,each,,fire;sprinkler,"Derived from common Singapore practice (BCA CDE Data Standard, iNPQS references) and international classification standards (ISO 6707, Uniclass 2015, OmniClass, MasterFormat)."
MEP - Fire Protection,Sprinkler System,Sprinkler Head,Sprinkler Head - Pendent 79C,each,,fire;sprinkler,"Derived from common Singapore practice (BCA CDE Data Standard, iNPQS references) and international classification standards (ISO 6707, Uniclass 2015, OmniClass, MasterFormat)."
MEP - Fire Protection,Sprinkler System,Sprinkler Head,Sprinkler Head - Upright 68C,each,,fire;sprinkler,"Derived from common Singapore practice (BCA CDE Data Standard, iNPQS references) and international classification standards (ISO 6707, Uniclass 2015, OmniClass, MasterFormat)."
MEP - Fire Protection,Sprinkler System,Sprinkler Head,Sprinkler Head - Sidewall 68C,each,,fire;sprinkler,"Derived from common Singapore practice (BCA CDE Data Standard, iNPQS references) and international classification standards (ISO 6707, Uniclass 2015, OmniClass, MasterFormat)."
MEP - Fire Protection,Sprinkler System,Sprinkler Head,Sprinkler Head - Concealed 68C,each,,fire;sprinkler,"Derived from common Singapore practice (BCA CDE Data Standard, iNPQS references) and international classification standards (ISO 6707, Uniclass 2015, OmniClass, MasterFormat)."
MEP - Fire Protection,Fire Fighting Equipment,Fire Hose Reel Set,Fire Hose Reel Set - 30m hose reel set,set,,fire,"Derived from common Singapore practice (BCA CDE Data Standard, iNPQS references) and international classification standards (ISO 6707, Uniclass 2015, OmniClass, MasterFormat)."
MEP - Fire Protection,Fire Fighting Equipment,Hydrant Valve,Hydrant Valve - 63mm,each,,fire,"Derived from common Singapore practice (BCA CDE Data Standard, iNPQS references) and international classification standards (ISO 6707, Uniclass 2015, OmniClass, MasterFormat)."
MEP - Fire Protection,Fire Fighting Equipment,Hydrant Valve,Hydrant Valve - 100mm,each,,fire,"Derived from common Singapore practice (BCA CDE Data Standard, iNPQS references) and international classification standards (ISO 6707, Uniclass 2015, OmniClass, MasterFormat)."
MEP - Fire Protection,Fire Fighting Equipment,Fire Extinguisher,Fire Extinguisher - ABC 6kg,each,,fire,"Derived from common Singapore practice (BCA CDE Data Standard, iNPQS references) and international classification standards (ISO 6707, Uniclass 2015, OmniClass, MasterFormat)."
MEP - Fire Protection,Fire Fighting Equipment,Fire Extinguisher,Fire Extinguisher - CO2 4.5kg,each,,fire,"Derived from common Singapore practice (BCA CDE Data Standard, iNPQS references) and international classification standards (ISO 6707, Uniclass 2015, OmniClass, MasterFormat)."
MEP - Fire Protection,Fire Fighting Equipment,Fire Extinguisher,Fire Extinguisher - Foam 9L,each,,fire,"Derived from common Singapore practice (BCA CDE Data Standard, iNPQS references) and international classification standards (ISO 6707, Uniclass 2015, OmniClass, MasterFormat)."
MEP - Fire Protection,Fire Alarm System,Fire Alarm Device,Fire Alarm Device - Smoke detector,each,,fire;alarm,"Derived from common Singapore practice (BCA CDE Data Standard, iNPQS references) and international classification standards (ISO 6707, Uniclass 2015, OmniClass, MasterFormat)."
MEP - Fire Protection,Fire Alarm System,Fire Alarm Device,Fire Alarm Device - Heat detector,each,,fire;alarm,"Derived from common Singapore practice (BCA CDE Data Standard, iNPQS references) and international classification standards (ISO 6707, Uniclass 2015, OmniClass, MasterFormat)."
MEP - Fire Protection,Fire Alarm System,Fire Alarm Device,Fire Alarm Device - Manual call point,each,,fire;alarm,"Derived from common Singapore practice (BCA CDE Data Standard, iNPQS references) and international classification standards (ISO 6707, Uniclass 2015, OmniClass, MasterFormat)."
MEP - Fire Protection,Fire Alarm System,Fire Alarm Device,Fire Alarm Device - Sounder,each,,fire;alarm,"Derived from common Singapore practice (BCA CDE Data Standard, iNPQS references) and international classification standards (ISO 6707, Uniclass 2015, OmniClass, MasterFormat)."
MEP - Fire Protection,Fire Alarm System,Fire Alarm Device,Fire Alarm Device - Strobe,each,,fire;alarm,"Derived from common Singapore practice (BCA CDE Data Standard, iNPQS references) and international classification standards (ISO 6707, Uniclass 2015, OmniClass, MasterFormat)."
"MEP - ELV, ICT & Security",Structured Cabling,Data Cable,Data Cable - Cat6 UTP 305m,box,,ict;cable,"Derived from common Singapore practice (BCA CDE Data Standard, iNPQS references) and international classification standards (ISO 6707, Uniclass 2015, OmniClass, MasterFormat)."
"MEP - ELV, ICT & Security",Structured Cabling,Data Cable,Data Cable - Cat6A UTP 305m,box,,ict;cable,"Derived from common Singapore practice (BCA CDE Data Standard, iNPQS references) and international classification standards (ISO 6707, Uniclass 2015, OmniClass, MasterFormat)."
"MEP - ELV, ICT & Security",Structured Cabling,Fiber Optic Cable,Fiber Optic Cable - 6 core,meter,,ict;cable,"Derived from common Singapore practice (BCA CDE Data Standard, iNPQS references) and international classification standards (ISO 6707, Uniclass 2015, OmniClass, MasterFormat)."
"MEP - ELV, ICT & Security",Structured Cabling,Fiber Optic Cable,Fiber Optic Cable - 12 core,meter,,ict;cable,"Derived from common Singapore practice (BCA CDE Data Standard, iNPQS references) and international classification standards (ISO 6707, Uniclass 2015, OmniClass, MasterFormat)."
"MEP - ELV, ICT & Security",Structured Cabling,Fiber Optic Cable,Fiber Optic Cable - 24 core,meter,,ict;cable,"Derived from common Singapore practice (BCA CDE Data Standard, iNPQS references) and international classification standards (ISO 6707, Uniclass 2015, OmniClass, MasterFormat)."
"MEP - ELV, ICT & Security",Structured Cabling,Fiber Optic Cable,Fiber Optic Cable - 48 core,meter,,ict;cable,"Derived from common Singapore practice (BCA CDE Data Standard, iNPQS references) and international classification standards (ISO 6707, Uniclass 2015, OmniClass, MasterFormat)."
"MEP - ELV, ICT & Security",Structured Cabling,Patch Panel,Patch Panel - 24-port,each,,ict,"Derived from common Singapore practice (BCA CDE Data Standard, iNPQS references) and international classification standards (ISO 6707, Uniclass 2015, OmniClass, MasterFormat)."
"MEP - ELV, ICT & Security",Structured Cabling,Patch Panel,Patch Panel - 48-port,each,,ict,"Derived from common Singapore practice (BCA CDE Data Standard, iNPQS references) and international classification standards (ISO 6707, Uniclass 2015, OmniClass, MasterFormat)."
"MEP - ELV, ICT & Security",Security & Surveillance,CCTV Camera,CCTV Camera - Fixed dome,each,,security,"Derived from common Singapore practice (BCA CDE Data Standard, iNPQS references) and international classification standards (ISO 6707, Uniclass 2015, OmniClass, MasterFormat)."
"MEP - ELV, ICT & Security",Security & Surveillance,CCTV Camera,CCTV Camera - Bullet,each,,security,"Derived from common Singapore practice (BCA CDE Data Standard, iNPQS references) and international classification standards (ISO 6707, Uniclass 2015, OmniClass, MasterFormat)."
"MEP - ELV, ICT & Security",Security & Surveillance,CCTV Camera,CCTV Camera - PTZ,each,,security,"Derived from common Singapore practice (BCA CDE Data Standard, iNPQS references) and international classification standards (ISO 6707, Uniclass 2015, OmniClass, MasterFormat)."
"MEP - ELV, ICT & Security",Security & Surveillance,Access Control,Access Control - Card reader,each,,security,"Derived from common Singapore practice (BCA CDE Data Standard, iNPQS references) and international classification standards (ISO 6707, Uniclass 2015, OmniClass, MasterFormat)."
"MEP - ELV, ICT & Security",Security & Surveillance,Access Control,Access Control - Electromagnetic lock,each,,security,"Derived from common Singapore practice (BCA CDE Data Standard, iNPQS references) and international classification standards (ISO 6707, Uniclass 2015, OmniClass, MasterFormat)."
"MEP - ELV, ICT & Security",Security & Surveillance,Access Control,Access Control - Exit button,each,,security,"Derived from common Singapore practice (BCA CDE Data Standard, iNPQS references) and international classification standards (ISO 6707, Uniclass 2015, OmniClass, MasterFormat)."
"MEP - ELV, ICT & Security",Security & Surveillance,Network Switch,Network Switch - 8-port,each,,ict,"Derived from common Singapore practice (BCA CDE Data Standard, iNPQS references) and international classification standards (ISO 6707, Uniclass 2015, OmniClass, MasterFormat)."
"MEP - ELV, ICT & Security",Security & Surveillance,Network Switch,Network Switch - 24-port,each,,ict,"Derived from common Singapore practice (BCA CDE Data Standard, iNPQS references) and international classification standards (ISO 6707, Uniclass 2015, OmniClass, MasterFormat)."
"MEP - ELV, ICT & Security",Security & Surveillance,Network Switch,Network Switch - 48-port,each,,ict,"Derived from common Singapore practice (BCA CDE Data Standard, iNPQS references) and international classification standards (ISO 6707, Uniclass 2015, OmniClass, MasterFormat)."
"MEP - ELV, ICT & Security",Public Address,PA Speaker,"PA Speaker - 6"" ceiling speaker",each,,pa,"Derived from common Singapore practice (BCA CDE Data Standard, iNPQS references) and international classification standards (ISO 6707, Uniclass 2015, OmniClass, MasterFormat)."
"MEP - ELV, ICT & Security",Public Address,PA Speaker,"PA Speaker - 8"" ceiling speaker",each,,pa,"Derived from common Singapore practice (BCA CDE Data Standard, iNPQS references) and international classification standards (ISO 6707, Uniclass 2015, OmniClass, MasterFormat)."
"MEP - ELV, ICT & Security",Public Address,PA Speaker,PA Speaker - Wall-mounted speaker,each,,pa,"Derived from common Singapore practice (BCA CDE Data Standard, iNPQS references) and international classification standards (ISO 6707, Uniclass 2015, OmniClass, MasterFormat)."
"MEP - ELV, ICT & Security",Public Address,PA Amplifier,PA Amplifier - 60W,each,,pa,"Derived from common Singapore practice (BCA CDE Data Standard, iNPQS references) and international classification standards (ISO 6707, Uniclass 2015, OmniClass, MasterFormat)."
"MEP - ELV, ICT & Security",Public Address,PA Amplifier,PA Amplifier - 120W,each,,pa,"Derived from common Singapore practice (BCA CDE Data Standard, iNPQS references) and international classification standards (ISO 6707, Uniclass 2015, OmniClass, MasterFormat)."
"MEP - ELV, ICT & Security",Public Address,PA Amplifier,PA Amplifier - 240W,each,,pa,"Derived from common Singapore practice (BCA CDE Data Standard, iNPQS references) and international classification standards (ISO 6707, Uniclass 2015, OmniClass, MasterFormat)."
External Works & Roads,Roads & Pavements,Asphalt Mix,Asphalt Mix - AC14,ton,,roads,"Derived from common Singapore practice (BCA CDE Data Standard, iNPQS references) and international classification standards (ISO 6707, Uniclass 2015, OmniClass, MasterFormat)."
External Works & Roads,Roads & Pavements,Asphalt Mix,Asphalt Mix - AC20,ton,,roads,"Derived from common Singapore practice (BCA CDE Data Standard, iNPQS references) and international classification standards (ISO 6707, Uniclass 2015, OmniClass, MasterFormat)."
External Works & Roads,Roads & Pavements,Asphalt Mix,Asphalt Mix - AC28,ton,,roads,"Derived from common Singapore practice (BCA CDE Data Standard, iNPQS references) and international classification standards (ISO 6707, Uniclass 2015, OmniClass, MasterFormat)."
External Works & Roads,Roads & Pavements,Road Base,Road Base - Granular sub-base,cubic_meter,,roads,"Derived from common Singapore practice (BCA CDE Data Standard, iNPQS references) and international classification standards (ISO 6707, Uniclass 2015, OmniClass, MasterFormat)."
External Works & Roads,Roads & Pavements,Road Base,Road Base - Crusher run basecourse,cubic_meter,,roads,"Derived from common Singapore practice (BCA CDE Data Standard, iNPQS references) and international classification standards (ISO 6707, Uniclass 2015, OmniClass, MasterFormat)."
External Works & Roads,Roads & Pavements,Concrete Paver,Concrete Paver - 200x100x60,square_meter,,roads,"Derived from common Singapore practice (BCA CDE Data Standard, iNPQS references) and international classification standards (ISO 6707, Uniclass 2015, OmniClass, MasterFormat)."
External Works & Roads,Roads & Pavements,Concrete Paver,Concrete Paver - 200x100x80,square_meter,,roads,"Derived from common Singapore practice (BCA CDE Data Standard, iNPQS references) and international classification standards (ISO 6707, Uniclass 2015, OmniClass, MasterFormat)."
External Works & Roads,Roads & Pavements,Kerb,Kerb - Precast kerb,meter,,roads,"Derived from common Singapore practice (BCA CDE Data Standard, iNPQS references) and international classification standards (ISO 6707, Uniclass 2015, OmniClass, MasterFormat)."
External Works & Roads,Roads & Pavements,Kerb,Kerb - Precast mountable kerb,meter,,roads,"Derived from common Singapore practice (BCA CDE Data Standard, iNPQS references) and international classification standards (ISO 6707, Uniclass 2015, OmniClass, MasterFormat)."
External Works & Roads,Drainage,RC Pipe,RC Pipe - 300mm,meter,,drainage,"Derived from common Singapore practice (BCA CDE Data Standard, iNPQS references) and international classification standards (ISO 6707, Uniclass 2015, OmniClass, MasterFormat)."
External Works & Roads,Drainage,RC Pipe,RC Pipe - 450mm,meter,,drainage,"Derived from common Singapore practice (BCA CDE Data Standard, iNPQS references) and international classification standards (ISO 6707, Uniclass 2015, OmniClass, MasterFormat)."
External Works & Roads,Drainage,RC Pipe,RC Pipe - 600mm,meter,,drainage,"Derived from common Singapore practice (BCA CDE Data Standard, iNPQS references) and international classification standards (ISO 6707, Uniclass 2015, OmniClass, MasterFormat)."
External Works & Roads,Drainage,RC Pipe,RC Pipe - 900mm,meter,,drainage,"Derived from common Singapore practice (BCA CDE Data Standard, iNPQS references) and international classification standards (ISO 6707, Uniclass 2015, OmniClass, MasterFormat)."
External Works & Roads,Drainage,RC Pipe,RC Pipe - 1200mm,meter,,drainage,"Derived from common Singapore practice (BCA CDE Data Standard, iNPQS references) and international classification standards (ISO 6707, Uniclass 2015, OmniClass, MasterFormat)."
External Works & Roads,Drainage,uPVC Drain Pipe,uPVC Drain Pipe - 100mm,meter,,drainage,"Derived from common Singapore practice (BCA CDE Data Standard, iNPQS references) and international classification standards (ISO 6707, Uniclass 2015, OmniClass, MasterFormat)."
External Works & Roads,Drainage,uPVC Drain Pipe,uPVC Drain Pipe - 150mm,meter,,drainage,"Derived from common Singapore practice (BCA CDE Data Standard, iNPQS references) and international classification standards (ISO 6707, Uniclass 2015, OmniClass, MasterFormat)."
External Works & Roads,Drainage,uPVC Drain Pipe,uPVC Drain Pipe - 200mm,meter,,drainage,"Derived from common Singapore practice (BCA CDE Data Standard, iNPQS references) and international classification standards (ISO 6707, Uniclass 2015, OmniClass, MasterFormat)."
External Works & Roads,Drainage,Manhole Cover,Manhole Cover - D400,each,,drainage,"Derived from common Singapore practice (BCA CDE Data Standard, iNPQS references) and international classification standards (ISO 6707, Uniclass 2015, OmniClass, MasterFormat)."
External Works & Roads,Drainage,Manhole Cover,Manhole Cover - C250,each,,drainage,"Derived from common Singapore practice (BCA CDE Data Standard, iNPQS references) and international classification standards (ISO 6707, Uniclass 2015, OmniClass, MasterFormat)."
External Works & Roads,Drainage,Grating,Grating - Ductile iron grating,each,,drainage,"Derived from common Singapore practice (BCA CDE Data Standard, iNPQS references) and international classification standards (ISO 6707, Uniclass 2015, OmniClass, MasterFormat)."
External Works & Roads,Drainage,Grating,Grating - Galvanized grating,each,,drainage,"Derived from common Singapore practice (BCA CDE Data Standard, iNPQS references) and international classification standards (ISO 6707, Uniclass 2015, OmniClass, MasterFormat)."
External Works & Roads,Street Furniture,Street Lighting Pole,Street Lighting Pole - 6m pole,each,,external,"Derived from common Singapore practice (BCA CDE Data Standard, iNPQS references) and international classification standards (ISO 6707, Uniclass 2015, OmniClass, MasterFormat)."
External Works & Roads,Street Furniture,Street Lighting Pole,Street Lighting Pole - 9m pole,each,,external,"Derived from common Singapore practice (BCA CDE Data Standard, iNPQS references) and international classification standards (ISO 6707, Uniclass 2015, OmniClass, MasterFormat)."
External Works & Roads,Street Furniture,Street Lighting Pole,Street Lighting Pole - 12m pole,each,,external,"Derived from common Singapore practice (BCA CDE Data Standard, iNPQS references) and international classification standards (ISO 6707, Uniclass 2015, OmniClass, MasterFormat)."
External Works & Roads,Street Furniture,Road Marking Paint,Road Marking Paint - White road marking 20L,pail,,roads,"Derived from common Singapore practice (BCA CDE Data Standard, iNPQS references) and international classification standards (ISO 6707, Uniclass 2015, OmniClass, MasterFormat)."
External Works & Roads,Street Furniture,Road Marking Paint,Road Marking Paint - Yellow road marking 20L,pail,,roads,"Derived from common Singapore practice (BCA CDE Data Standard, iNPQS references) and international classification standards (ISO 6707, Uniclass 2015, OmniClass, MasterFormat)."
Utilities,Water Supply,Ductile Iron Pipe,Ductile Iron Pipe - 100mm,meter,,utilities;water,"Derived from common Singapore practice (BCA CDE Data Standard, iNPQS references) and international classification standards (ISO 6707, Uniclass 2015, OmniClass, MasterFormat)."
Utilities,Water Supply,Ductile Iron Pipe,Ductile Iron Pipe - 150mm,meter,,utilities;water,"Derived from common Singapore practice (BCA CDE Data Standard, iNPQS references) and international classification standards (ISO 6707, Uniclass 2015, OmniClass, MasterFormat)."
Utilities,Water Supply,Ductile Iron Pipe,Ductile Iron Pipe - 200mm,meter,,utilities;water,"Derived from common Singapore practice (BCA CDE Data Standard, iNPQS references) and international classification standards (ISO 6707, Uniclass 2015, OmniClass, MasterFormat)."
Utilities,Water Supply,Ductile Iron Pipe,Ductile Iron Pipe - 300mm,meter,,utilities;water,"Derived from common Singapore practice (BCA CDE Data Standard, iNPQS references) and international classification standards (ISO 6707, Uniclass 2015, OmniClass, MasterFormat)."
Utilities,Water Supply,Ductile Iron Pipe,Ductile Iron Pipe - 450mm,meter,,utilities;water,"Derived from common Singapore practice (BCA CDE Data Standard, iNPQS references) and international classification standards (ISO 6707, Uniclass 2015, OmniClass, MasterFormat)."
Utilities,Water Supply,Ductile Iron Pipe,Ductile Iron Pipe - 600mm,meter,,utilities;water,"Derived from common Singapore practice (BCA CDE Data Standard, iNPQS references) and international classification standards (ISO 6707, Uniclass 2015, OmniClass, MasterFormat)."
Utilities,Water Supply,HDPE Water Pipe,HDPE Water Pipe - 63mm,meter,,utilities;water,"Derived from common Singapore practice (BCA CDE Data Standard, iNPQS references) and international classification standards (ISO 6707, Uniclass 2015, OmniClass, MasterFormat)."
Utilities,Water Supply,HDPE Water Pipe,HDPE Water Pipe - 90mm,meter,,utilities;water,"Derived from common Singapore practice (BCA CDE Data Standard, iNPQS references) and international classification standards (ISO 6707, Uniclass 2015, OmniClass, MasterFormat)."
Utilities,Water Supply,HDPE Water Pipe,HDPE Water Pipe - 110mm,meter,,utilities;water,"Derived from common Singapore practice (BCA CDE Data Standard, iNPQS references) and international classification standards (ISO 6707, Uniclass 2015, OmniClass, MasterFormat)."
Utilities,Water Supply,HDPE Water Pipe,HDPE Water Pipe - 160mm,meter,,utilities;water,"Derived from common Singapore practice (BCA CDE Data Standard, iNPQS references) and international classification standards (ISO 6707, Uniclass 2015, OmniClass, MasterFormat)."
Utilities,Water Supply,HDPE Water Pipe,HDPE Water Pipe - 200mm,meter,,utilities;water,"Derived from common Singapore practice (BCA CDE Data Standard, iNPQS references) and international classification standards (ISO 6707, Uniclass 2015, OmniClass, MasterFormat)."
Utilities,Sewer,uPVC Sewer Pipe,uPVC Sewer Pipe - 150mm,meter,,utilities;sewer,"Derived from common Singapore practice (BCA CDE Data Standard, iNPQS references) and international classification standards (ISO 6707, Uniclass 2015, OmniClass, MasterFormat)."
Utilities,Sewer,uPVC Sewer Pipe,uPVC Sewer Pipe - 200mm,meter,,utilities;sewer,"Derived from common Singapore practice (BCA CDE Data Standard, iNPQS references) and international classification standards (ISO 6707, Uniclass 2015, OmniClass, MasterFormat)."
Utilities,Sewer,uPVC Sewer Pipe,uPVC Sewer Pipe - 250mm,meter,,utilities;sewer,"Derived from common Singapore practice (BCA CDE Data Standard, iNPQS references) and international classification standards (ISO 6707, Uniclass 2015, OmniClass, MasterFormat)."
Utilities,Sewer,uPVC Sewer Pipe,uPVC Sewer Pipe - 300mm,meter,,utilities;sewer,"Derived from common Singapore practice (BCA CDE Data Standard, iNPQS references) and international classification standards (ISO 6707, Uniclass 2015, OmniClass, MasterFormat)."
Utilities,Power & Telecom Ducts,HDPE Duct,HDPE Duct - 63mm,meter,,utilities;duct,"Derived from common Singapore practice (BCA CDE Data Standard, iNPQS references) and international classification standards (ISO 6707, Uniclass 2015, OmniClass, MasterFormat)."
Utilities,Power & Telecom Ducts,HDPE Duct,HDPE Duct - 90mm,meter,,utilities;duct,"Derived from common Singapore practice (BCA CDE Data Standard, iNPQS references) and international classification standards (ISO 6707, Uniclass 2015, OmniClass, MasterFormat)."
Utilities,Power & Telecom Ducts,HDPE Duct,HDPE Duct - 110mm,meter,,utilities;duct,"Derived from common Singapore practice (BCA CDE Data Standard, iNPQS references) and international classification standards (ISO 6707, Uniclass 2015, OmniClass, MasterFormat)."
Utilities,Power & Telecom Ducts,HDPE Duct,HDPE Duct - 160mm,meter,,utilities;duct,"Derived from common Singapore practice (BCA CDE Data Standard, iNPQS references) and international classification standards (ISO 6707, Uniclass 2015, OmniClass, MasterFormat)."
Utilities,Power & Telecom Ducts,PVC Duct,PVC Duct - 100mm,meter,,utilities;duct,"Derived from common Singapore practice (BCA CDE Data Standard, iNPQS references) and international classification standards (ISO 6707, Uniclass 2015, OmniClass, MasterFormat)."
Utilities,Power & Telecom Ducts,PVC Duct,PVC Duct - 150mm,meter,,utilities;duct,"Derived from common Singapore practice (BCA CDE Data Standard, iNPQS references) and international classification standards (ISO 6707, Uniclass 2015, OmniClass, MasterFormat)."
Utilities,Power & Telecom Ducts,PVC Duct,PVC Duct - 200mm,meter,,utilities;duct,"Derived from common Singapore practice (BCA CDE Data Standard, iNPQS references) and international classification standards (ISO 6707, Uniclass 2015, OmniClass, MasterFormat)."
Landscaping & Irrigation,Soft Landscaping,Turf,Turf - Bermuda turf,square_meter,,landscaping,"Derived from common Singapore practice (BCA CDE Data Standard, iNPQS references) and international classification standards (ISO 6707, Uniclass 2015, OmniClass, MasterFormat)."
Landscaping & Irrigation,Soft Landscaping,Turf,Turf - Zoysia turf,square_meter,,landscaping,"Derived from common Singapore practice (BCA CDE Data Standard, iNPQS references) and international classification standards (ISO 6707, Uniclass 2015, OmniClass, MasterFormat)."
Landscaping & Irrigation,Soft Landscaping,Plants,Plants - Shrub 1L,each,,landscaping,"Derived from common Singapore practice (BCA CDE Data Standard, iNPQS references) and international classification standards (ISO 6707, Uniclass 2015, OmniClass, MasterFormat)."
Landscaping & Irrigation,Soft Landscaping,Plants,Plants - Shrub 3L,each,,landscaping,"Derived from common Singapore practice (BCA CDE Data Standard, iNPQS references) and international classification standards (ISO 6707, Uniclass 2015, OmniClass, MasterFormat)."
Landscaping & Irrigation,Soft Landscaping,Plants,Plants - Tree 2m,each,,landscaping,"Derived from common Singapore practice (BCA CDE Data Standard, iNPQS references) and international classification standards (ISO 6707, Uniclass 2015, OmniClass, MasterFormat)."
Landscaping & Irrigation,Soft Landscaping,Plants,Plants - Tree 3m,each,,landscaping,"Derived from common Singapore practice (BCA CDE Data Standard, iNPQS references) and international classification standards (ISO 6707, Uniclass 2015, OmniClass, MasterFormat)."
Landscaping & Irrigation,Soft Landscaping,Planting Soil,Planting Soil - Planting soil mix,cubic_meter,,landscaping,"Derived from common Singapore practice (BCA CDE Data Standard, iNPQS references) and international classification standards (ISO 6707, Uniclass 2015, OmniClass, MasterFormat)."
Landscaping & Irrigation,Irrigation,Irrigation Pipe,Irrigation Pipe - 20mm,meter,,irrigation,"Derived from common Singapore practice (BCA CDE Data Standard, iNPQS references) and international classification standards (ISO 6707, Uniclass 2015, OmniClass, MasterFormat)."
Landscaping & Irrigation,Irrigation,Irrigation Pipe,Irrigation Pipe - 25mm,meter,,irrigation,"Derived from common Singapore practice (BCA CDE Data Standard, iNPQS references) and international classification standards (ISO 6707, Uniclass 2015, OmniClass, MasterFormat)."
Landscaping & Irrigation,Irrigation,Irrigation Pipe,Irrigation Pipe - 32mm,meter,,irrigation,"Derived from common Singapore practice (BCA CDE Data Standard, iNPQS references) and international classification standards (ISO 6707, Uniclass 2015, OmniClass, MasterFormat)."
Landscaping & Irrigation,Irrigation,Irrigation Sprinkler,Irrigation Sprinkler - Pop-up sprinkler,each,,irrigation,"Derived from common Singapore practice (BCA CDE Data Standard, iNPQS references) and international classification standards (ISO 6707, Uniclass 2015, OmniClass, MasterFormat)."
Landscaping & Irrigation,Irrigation,Irrigation Sprinkler,Irrigation Sprinkler - Drip emitter,each,,irrigation,"Derived from common Singapore practice (BCA CDE Data Standard, iNPQS references) and international classification standards (ISO 6707, Uniclass 2015, OmniClass, MasterFormat)."
Temporary Works & Safety,Scaffolding,Scaffold Tube,Scaffold Tube - 48.3mm x 6m,meter,,temporary;scaffold,"Derived from common Singapore practice (BCA CDE Data Standard, iNPQS references) and international classification standards (ISO 6707, Uniclass 2015, OmniClass, MasterFormat)."
Temporary Works & Safety,Scaffolding,Scaffold Tube,Scaffold Tube - 48.3mm x 3m,meter,,temporary;scaffold,"Derived from common Singapore practice (BCA CDE Data Standard, iNPQS references) and international classification standards (ISO 6707, Uniclass 2015, OmniClass, MasterFormat)."
Temporary Works & Safety,Scaffolding,Scaffold Coupler,Scaffold Coupler - Right angle coupler,each,,temporary;scaffold,"Derived from common Singapore practice (BCA CDE Data Standard, iNPQS references) and international classification standards (ISO 6707, Uniclass 2015, OmniClass, MasterFormat)."
Temporary Works & Safety,Scaffolding,Scaffold Coupler,Scaffold Coupler - Swivel coupler,each,,temporary;scaffold,"Derived from common Singapore practice (BCA CDE Data Standard, iNPQS references) and international classification standards (ISO 6707, Uniclass 2015, OmniClass, MasterFormat)."
Temporary Works & Safety,Scaffolding,Scaffold Coupler,Scaffold Coupler - Sleeve coupler,each,,temporary;scaffold,"Derived from common Singapore practice (BCA CDE Data Standard, iNPQS references) and international classification standards (ISO 6707, Uniclass 2015, OmniClass, MasterFormat)."
Temporary Works & Safety,Scaffolding,Scaffold Base Plate,Scaffold Base Plate - Base plate,each,,temporary;scaffold,"Derived from common Singapore practice (BCA CDE Data Standard, iNPQS references) and international classification standards (ISO 6707, Uniclass 2015, OmniClass, MasterFormat)."
Temporary Works & Safety,Scaffolding,Scaffold Plank,Scaffold Plank - Steel plank 2.0m,each,,temporary;scaffold,"Derived from common Singapore practice (BCA CDE Data Standard, iNPQS references) and international classification standards (ISO 6707, Uniclass 2015, OmniClass, MasterFormat)."
Temporary Works & Safety,Scaffolding,Scaffold Plank,Scaffold Plank - Steel plank 3.0m,each,,temporary;scaffold,"Derived from common Singapore practice (BCA CDE Data Standard, iNPQS references) and international classification standards (ISO 6707, Uniclass 2015, OmniClass, MasterFormat)."
Temporary Works & Safety,Safety,Safety Net,Safety Net - Safety net,square_meter,,temporary;safety,"Derived from common Singapore practice (BCA CDE Data Standard, iNPQS references) and international classification standards (ISO 6707, Uniclass 2015, OmniClass, MasterFormat)."
Temporary Works & Safety,Safety,Safety Mesh,Safety Mesh - Safety mesh,square_meter,,temporary;safety,"Derived from common Singapore practice (BCA CDE Data Standard, iNPQS references) and international classification standards (ISO 6707, Uniclass 2015, OmniClass, MasterFormat)."
Temporary Works & Safety,Safety,Guardrail,Guardrail - Temporary guardrail,meter,,temporary;safety,"Derived from common Singapore practice (BCA CDE Data Standard, iNPQS references) and international classification standards (ISO 6707, Uniclass 2015, OmniClass, MasterFormat)."
Structural Steel,Structural Sections,Concrete Hollow Section,Concrete Hollow Section - 50x50x3,ton,,steel,"Derived from common Singapore practice (BCA CDE Data Standard, iNPQS references) and international classification standards (ISO 6707, Uniclass 2015, OmniClass, MasterFormat)."
Structural Steel,Structural Sections,Concrete Hollow Section,Concrete Hollow Section - 75x75x4,ton,,steel,"Derived from common Singapore practice (BCA CDE Data Standard, iNPQS references) and international classification standards (ISO 6707, Uniclass 2015, OmniClass, MasterFormat)."
Structural Steel,Structural Sections,Concrete Hollow Section,Concrete Hollow Section - 100x100x5,ton,,steel,"Derived from common Singapore practice (BCA CDE Data Standard, iNPQS references) and international classification standards (ISO 6707, Uniclass 2015, OmniClass, MasterFormat)."
Structural Steel,Structural Sections,Concrete Hollow Section,Concrete Hollow Section - 150x150x6,ton,,steel,"Derived from common Singapore practice (BCA CDE Data Standard, iNPQS references) and international classification standards (ISO 6707, Uniclass 2015, OmniClass, MasterFormat)."
Structural Steel,Structural Sections,Concrete Hollow Section,Concrete Hollow Section - 200x200x8,ton,,steel,"Derived from common Singapore practice (BCA CDE Data Standard, iNPQS references) and international classification standards (ISO 6707, Uniclass 2015, OmniClass, MasterFormat)."
MEP - Plumbing & Sanitary,Pipes & Fittings,GI Pipe (Medium Class),GI Pipe (Medium Class) - 20mm,meter,,plumbing;pipe,"Derived from common Singapore practice (BCA CDE Data Standard, iNPQS references) and international classification standards (ISO 6707, Uniclass 2015, OmniClass, MasterFormat)."
MEP - Plumbing & Sanitary,Pipes & Fittings,GI Pipe (Medium Class),GI Pipe (Medium Class) - 25mm,meter,,plumbing;pipe,"Derived from common Singapore practice (BCA CDE Data Standard, iNPQS references) and international classification standards (ISO 6707, Uniclass 2015, OmniClass, MasterFormat)."
MEP - Plumbing & Sanitary,Pipes & Fittings,GI Pipe (Medium Class),GI Pipe (Medium Class) - 32mm,meter,,plumbing;pipe,"Derived from common Singapore practice (BCA CDE Data Standard, iNPQS references) and international classification standards (ISO 6707, Uniclass 2015, OmniClass, MasterFormat)."
MEP - Plumbing & Sanitary,Pipes & Fittings,GI Pipe (Medium Class),GI Pipe (Medium Class) - 40mm,meter,,plumbing;pipe,"Derived from common Singapore practice (BCA CDE Data Standard, iNPQS references) and international classification standards (ISO 6707, Uniclass 2015, OmniClass, MasterFormat)."
MEP - Plumbing & Sanitary,Pipes & Fittings,GI Pipe (Medium Class),GI Pipe (Medium Class) - 50mm,meter,,plumbing;pipe,"Derived from common Singapore practice (BCA CDE Data Standard, iNPQS references) and international classification standards (ISO 6707, Uniclass 2015, OmniClass, MasterFormat)."
MEP - Plumbing & Sanitary,Pipes & Fittings,GI Pipe (Medium Class),GI Pipe (Medium Class) - 65mm,meter,,plumbing;pipe,"Derived from common Singapore practice (BCA CDE Data Standard, iNPQS references) and international classification standards (ISO 6707, Uniclass 2015, OmniClass, MasterFormat)."
MEP - Plumbing & Sanitary,Pipes & Fittings,GI Pipe (Medium Class),GI Pipe (Medium Class) - 80mm,meter,,plumbing;pipe,"Derived from common Singapore practice (BCA CDE Data Standard, iNPQS references) and international classification standards (ISO 6707, Uniclass 2015, OmniClass, MasterFormat)."
MEP - Plumbing & Sanitary,Pipes & Fittings,GI Pipe (Medium Class),GI Pipe (Medium Class) - 100mm,meter,,plumbing;pipe,"Derived from common Singapore practice (BCA CDE Data Standard, iNPQS references) and international classification standards (ISO 6707, Uniclass 2015, OmniClass, MasterFormat)."
MEP - Plumbing & Sanitary,Pipes & Fittings,GI Pipe (Medium Class),GI Pipe (Medium Class) - 150mm,meter,,plumbing;pipe,"Derived from common Singapore practice (BCA CDE Data Standard, iNPQS references) and international classification standards (ISO 6707, Uniclass 2015, OmniClass, MasterFormat)."
Utilities,Water Supply,Ductile Iron Fittings,Ductile Iron Fittings - 100mm elbow,each,,utilities;water,"Derived from common Singapore practice (BCA CDE Data Standard, iNPQS references) and international classification standards (ISO 6707, Uniclass 2015, OmniClass, MasterFormat)."
Utilities,Water Supply,Ductile Iron Fittings,Ductile Iron Fittings - 150mm elbow,each,,utilities;water,"Derived from common Singapore practice (BCA CDE Data Standard, iNPQS references) and international classification standards (ISO 6707, Uniclass 2015, OmniClass, MasterFormat)."
Utilities,Water Supply,Ductile Iron Fittings,Ductile Iron Fittings - 200mm elbow,each,,utilities;water,"Derived from common Singapore practice (BCA CDE Data Standard, iNPQS references) and international classification standards (ISO 6707, Uniclass 2015, OmniClass, MasterFormat)."
Utilities,Water Supply,Ductile Iron Fittings,Ductile Iron Fittings - 300mm tee,each,,utilities;water,"Derived from common Singapore practice (BCA CDE Data Standard, iNPQS references) and international classification standards (ISO 6707, Uniclass 2015, OmniClass, MasterFormat)."
Utilities,Water Supply,Ductile Iron Fittings,Ductile Iron Fittings - 450mm reducer,each,,utilities;water,"Derived from common Singapore practice (BCA CDE Data Standard, iNPQS references) and international classification standards (ISO 6707, Uniclass 2015, OmniClass, MasterFormat)."
MEP - Electrical,Cables & Wires,Cable Glands,Cable Glands - M20,each,,electrical,"Derived from common Singapore practice (BCA CDE Data Standard, iNPQS references) and international classification standards (ISO 6707, Uniclass 2015, OmniClass, MasterFormat)."
MEP - Electrical,Cables & Wires,Cable Glands,Cable Glands - M25,each,,electrical,"Derived from common Singapore practice (BCA CDE Data Standard, iNPQS references) and international classification standards (ISO 6707, Uniclass 2015, OmniClass, MasterFormat)."
MEP - Electrical,Cables & Wires,Cable Glands,Cable Glands - M32,each,,electrical,"Derived from common Singapore practice (BCA CDE Data Standard, iNPQS references) and international classification standards (ISO 6707, Uniclass 2015, OmniClass, MasterFormat)."
MEP - Electrical,Cables & Wires,Cable Glands,Cable Glands - M40,each,,electrical,"Derived from common Singapore practice (BCA CDE Data Standard, iNPQS references) and international classification standards (ISO 6707, Uniclass 2015, OmniClass, MasterFormat)."
MEP - Electrical,Cables & Wires,Cable Glands,Cable Glands - M50,each,,electrical,"Derived from common Singapore practice (BCA CDE Data Standard, iNPQS references) and international classification standards (ISO 6707, Uniclass 2015, OmniClass, MasterFormat)."
MEP - Electrical,Cables & Wires,Cable Glands,Cable Glands - M63,each,,electrical,"Derived from common Singapore practice (BCA CDE Data Standard, iNPQS references) and international classification standards (ISO 6707, Uniclass 2015, OmniClass, MasterFormat)."
MEP - Plumbing & Sanitary,Pipes & Fittings,Stainless Steel Pipe,Stainless Steel Pipe - 15mm,meter,,plumbing;pipe,"Derived from common Singapore practice (BCA CDE Data Standard, iNPQS references) and international classification standards (ISO 6707, Uniclass 2015, OmniClass, MasterFormat)."
MEP - Plumbing & Sanitary,Pipes & Fittings,Stainless Steel Pipe,Stainless Steel Pipe - 22mm,meter,,plumbing;pipe,"Derived from common Singapore practice (BCA CDE Data Standard, iNPQS references) and international classification standards (ISO 6707, Uniclass 2015, OmniClass, MasterFormat)."
MEP - Plumbing & Sanitary,Pipes & Fittings,Stainless Steel Pipe,Stainless Steel Pipe - 28mm,meter,,plumbing;pipe,"Derived from common Singapore practice (BCA CDE Data Standard, iNPQS references) and international classification standards (ISO 6707, Uniclass 2015, OmniClass, MasterFormat)."
MEP - Plumbing & Sanitary,Pipes & Fittings,Stainless Steel Pipe,Stainless Steel Pipe - 35mm,meter,,plumbing;pipe,"Derived from common Singapore practice (BCA CDE Data Standard, iNPQS references) and international classification standards (ISO 6707, Uniclass 2015, OmniClass, MasterFormat)."
MEP - Plumbing & Sanitary,Pipes & Fittings,Stainless Steel Pipe,Stainless Steel Pipe - 42mm,meter,,plumbing;pipe,"Derived from common Singapore practice (BCA CDE Data Standard, iNPQS references) and international classification standards (ISO 6707, Uniclass 2015, OmniClass, MasterFormat)."
MEP - Plumbing & Sanitary,Pipes & Fittings,Stainless Steel Pipe,Stainless Steel Pipe - 54mm,meter,,plumbing;pipe,"Derived from common Singapore practice (BCA CDE Data Standard, iNPQS references) and international classification standards (ISO 6707, Uniclass 2015, OmniClass, MasterFormat)."
MEP - Plumbing & Sanitary,Pipes & Fittings,Stainless Steel Fittings,Stainless Steel Fittings - 15mm elbow,each,,plumbing;fitting,"Derived from common Singapore practice (BCA CDE Data Standard, iNPQS references) and international classification standards (ISO 6707, Uniclass 2015, OmniClass, MasterFormat)."
MEP - Plumbing & Sanitary,Pipes & Fittings,Stainless Steel Fittings,Stainless Steel Fittings - 22mm elbow,each,,plumbing;fitting,"Derived from common Singapore practice (BCA CDE Data Standard, iNPQS references) and international classification standards (ISO 6707, Uniclass 2015, OmniClass, MasterFormat)."
MEP - Plumbing & Sanitary,Pipes & Fittings,Stainless Steel Fittings,Stainless Steel Fittings - 28mm elbow,each,,plumbing;fitting,"Derived from common Singapore practice (BCA CDE Data Standard, iNPQS references) and international classification standards (ISO 6707, Uniclass 2015, OmniClass, MasterFormat)."
MEP - Plumbing & Sanitary,Pipes & Fittings,Stainless Steel Fittings,Stainless Steel Fittings - 35mm tee,each,,plumbing;fitting,"Derived from common Singapore practice (BCA CDE Data Standard, iNPQS references) and international classification standards (ISO 6707, Uniclass 2015, OmniClass, MasterFormat)."
MEP - Plumbing & Sanitary,Pipes & Fittings,Stainless Steel Fittings,Stainless Steel Fittings - 42mm reducer,each,,plumbing;fitting,"Derived from common Singapore practice (BCA CDE Data Standard, iNPQS references) and international classification standards (ISO 6707, Uniclass 2015, OmniClass, MasterFormat)."
Concrete & Reinforcement,Reinforcement,Steel Rebar Coupler,Steel Rebar Coupler - 12mm,each,,reinforcement,"Derived from common Singapore practice (BCA CDE Data Standard, iNPQS references) and international classification standards (ISO 6707, Uniclass 2015, OmniClass, MasterFormat)."
Concrete & Reinforcement,Reinforcement,Steel Rebar Coupler,Steel Rebar Coupler - 16mm,each,,reinforcement,"Derived from common Singapore practice (BCA CDE Data Standard, iNPQS references) and international classification standards (ISO 6707, Uniclass 2015, OmniClass, MasterFormat)."
Concrete & Reinforcement,Reinforcement,Steel Rebar Coupler,Steel Rebar Coupler - 20mm,each,,reinforcement,"Derived from common Singapore practice (BCA CDE Data Standard, iNPQS references) and international classification standards (ISO 6707, Uniclass 2015, OmniClass, MasterFormat)."
Concrete & Reinforcement,Reinforcement,Steel Rebar Coupler,Steel Rebar Coupler - 25mm,each,,reinforcement,"Derived from common Singapore practice (BCA CDE Data Standard, iNPQS references) and international classification standards (ISO 6707, Uniclass 2015, OmniClass, MasterFormat)."
Concrete & Reinforcement,Reinforcement,Steel Rebar Coupler,Steel Rebar Coupler - 32mm,each,,reinforcement,"Derived from common Singapore practice (BCA CDE Data Standard, iNPQS references) and international classification standards (ISO 6707, Uniclass 2015, OmniClass, MasterFormat)."
Waterproofing & Roofing,Waterproofing Systems,Polyethylene Sheet,Polyethylene Sheet - 0.2mm,square_meter,,waterproofing,"Derived from common Singapore practice (BCA CDE Data Standard, iNPQS references) and international classification standards (ISO 6707, Uniclass 2015, OmniClass, MasterFormat)."
Waterproofing & Roofing,Waterproofing Systems,Polyethylene Sheet,Polyethylene Sheet - 0.3mm,square_meter,,waterproofing,"Derived from common Singapore practice (BCA CDE Data Standard, iNPQS references) and international classification standards (ISO 6707, Uniclass 2015, OmniClass, MasterFormat)."
Waterproofing & Roofing,Waterproofing Systems,Polyethylene Sheet,Polyethylene Sheet - 0.5mm,square_meter,,waterproofing,"Derived from common Singapore practice (BCA CDE Data Standard, iNPQS references) and international classification standards (ISO 6707, Uniclass 2015, OmniClass, MasterFormat)."
Architectural Finishes,Wall & Ceiling,Expansion Joint,Expansion Joint - 25mm joint,meter,,finishes,"Derived from common Singapore practice (BCA CDE Data Standard, iNPQS references) and international classification standards (ISO 6707, Uniclass 2015, OmniClass, MasterFormat)."
Architectural Finishes,Wall & Ceiling,Expansion Joint,Expansion Joint - 50mm joint,meter,,finishes,"Derived from common Singapore practice (BCA CDE Data Standard, iNPQS references) and international classification standards (ISO 6707, Uniclass 2015, OmniClass, MasterFormat)."
Architectural Finishes,Wall & Ceiling,Expansion Joint,Expansion Joint - 75mm joint,meter,,finishes,"Derived from common Singapore practice (BCA CDE Data Standard, iNPQS references) and international classification standards (ISO 6707, Uniclass 2015, OmniClass, MasterFormat)."
Architectural Finishes,Wall & Ceiling,Access Panel,Access Panel - 300x300,each,,finishes,"Derived from common Singapore practice (BCA CDE Data Standard, iNPQS references) and international classification standards (ISO 6707, Uniclass 2015, OmniClass, MasterFormat)."
Architectural Finishes,Wall & Ceiling,Access Panel,Access Panel - 450x450,each,,finishes,"Derived from common Singapore practice (BCA CDE Data Standard, iNPQS references) and international classification standards (ISO 6707, Uniclass 2015, OmniClass, MasterFormat)."
Architectural Finishes,Wall & Ceiling,Access Panel,Access Panel - 600x600,each,,finishes,"Derived from common Singapore practice (BCA CDE Data Standard, iNPQS references) and international classification standards (ISO 6707, Uniclass 2015, OmniClass, MasterFormat)."
MEP - Plumbing & Sanitary,Pipes & Fittings,uPVC Elbow,uPVC Elbow - 50mm,each,,plumbing;fitting,"Derived from common Singapore practice (BCA CDE Data Standard, iNPQS references) and international classification standards (ISO 6707, Uniclass 2015, OmniClass, MasterFormat)."
MEP - Plumbing & Sanitary,Pipes & Fittings,uPVC Elbow,uPVC Elbow - 75mm,each,,plumbing;fitting,"Derived from common Singapore practice (BCA CDE Data Standard, iNPQS references) and international classification standards (ISO 6707, Uniclass 2015, OmniClass, MasterFormat)."
MEP - Plumbing & Sanitary,Pipes & Fittings,uPVC Elbow,uPVC Elbow - 100mm,each,,plumbing;fitting,"Derived from common Singapore practice (BCA CDE Data Standard, iNPQS references) and international classification standards (ISO 6707, Uniclass 2015, OmniClass, MasterFormat)."
MEP - Plumbing & Sanitary,Pipes & Fittings,uPVC Elbow,uPVC Elbow - 150mm,each,,plumbing;fitting,"Derived from common Singapore practice (BCA CDE Data Standard, iNPQS references) and international classification standards (ISO 6707, Uniclass 2015, OmniClass, MasterFormat)."
MEP - Plumbing & Sanitary,Pipes & Fittings,uPVC Elbow,uPVC Elbow - 200mm,each,,plumbing;fitting,"Derived from common Singapore practice (BCA CDE Data Standard, iNPQS references) and international classification standards (ISO 6707, Uniclass 2015, OmniClass, MasterFormat)."
MEP - Plumbing & Sanitary,Pipes & Fittings,uPVC Tee,uPVC Tee - 50mm,each,,plumbing;fitting,"Derived from common Singapore practice (BCA CDE Data Standard, iNPQS references) and international classification standards (ISO 6707, Uniclass 2015, OmniClass, MasterFormat)."
MEP - Plumbing & Sanitary,Pipes & Fittings,uPVC Tee,uPVC Tee - 75mm,each,,plumbing;fitting,"Derived from common Singapore practice (BCA CDE Data Standard, iNPQS references) and international classification standards (ISO 6707, Uniclass 2015, OmniClass, MasterFormat)."
MEP - Plumbing & Sanitary,Pipes & Fittings,uPVC Tee,uPVC Tee - 100mm,each,,plumbing;fitting,"Derived from common Singapore practice (BCA CDE Data Standard, iNPQS references) and international classification standards (ISO 6707, Uniclass 2015, OmniClass, MasterFormat)."
MEP - Plumbing & Sanitary,Pipes & Fittings,uPVC Tee,uPVC Tee - 150mm,each,,plumbing;fitting,"Derived from common Singapore practice (BCA CDE Data Standard, iNPQS references) and international classification standards (ISO 6707, Uniclass 2015, OmniClass, MasterFormat)."
MEP - Plumbing & Sanitary,Pipes & Fittings,uPVC Tee,uPVC Tee - 200mm,each,,plumbing;fitting,"Derived from common Singapore practice (BCA CDE Data Standard, iNPQS references) and international classification standards (ISO 6707, Uniclass 2015, OmniClass, MasterFormat)."
MEP - Plumbing & Sanitary,Pipes & Fittings,uPVC Reducer,uPVC Reducer - 50mm,each,,plumbing;fitting,"Derived from common Singapore practice (BCA CDE Data Standard, iNPQS references) and international classification standards (ISO 6707, Uniclass 2015, OmniClass, MasterFormat)."
MEP - Plumbing & Sanitary,Pipes & Fittings,uPVC Reducer,uPVC Reducer - 75mm,each,,plumbing;fitting,"Derived from common Singapore practice (BCA CDE Data Standard, iNPQS references) and international classification standards (ISO 6707, Uniclass 2015, OmniClass, MasterFormat)."
MEP - Plumbing & Sanitary,Pipes & Fittings,uPVC Reducer,uPVC Reducer - 100mm,each,,plumbing;fitting,"Derived from common Singapore practice (BCA CDE Data Standard, iNPQS references) and international classification standards (ISO 6707, Uniclass 2015, OmniClass, MasterFormat)."
MEP - Plumbing & Sanitary,Pipes & Fittings,uPVC Reducer,uPVC Reducer - 150mm,each,,plumbing;fitting,"Derived from common Singapore practice (BCA CDE Data Standard, iNPQS references) and international classification standards (ISO 6707, Uniclass 2015, OmniClass, MasterFormat)."
MEP - Plumbing & Sanitary,Pipes & Fittings,uPVC Reducer,uPVC Reducer - 200mm,each,,plumbing;fitting,"Derived from common Singapore practice (BCA CDE Data Standard, iNPQS references) and international classification standards (ISO 6707, Uniclass 2015, OmniClass, MasterFormat)."
MEP - Plumbing & Sanitary,Pipes & Fittings,uPVC Coupling,uPVC Coupling - 50mm,each,,plumbing;fitting,"Derived from common Singapore practice (BCA CDE Data Standard, iNPQS references) and international classification standards (ISO 6707, Uniclass 2015, OmniClass, MasterFormat)."
MEP - Plumbing & Sanitary,Pipes & Fittings,uPVC Coupling,uPVC Coupling - 75mm,each,,plumbing;fitting,"Derived from common Singapore practice (BCA CDE Data Standard, iNPQS references) and international classification standards (ISO 6707, Uniclass 2015, OmniClass, MasterFormat)."
MEP - Plumbing & Sanitary,Pipes & Fittings,uPVC Coupling,uPVC Coupling - 100mm,each,,plumbing;fitting,"Derived from common Singapore practice (BCA CDE Data Standard, iNPQS references) and international classification standards (ISO 6707, Uniclass 2015, OmniClass, MasterFormat)."
MEP - Plumbing & Sanitary,Pipes & Fittings,uPVC Coupling,uPVC Coupling - 150mm,each,,plumbing;fitting,"Derived from common Singapore practice (BCA CDE Data Standard, iNPQS references) and international classification standards (ISO 6707, Uniclass 2015, OmniClass, MasterFormat)."
MEP - Plumbing & Sanitary,Pipes & Fittings,uPVC Coupling,uPVC Coupling - 200mm,each,,plumbing;fitting,"Derived from common Singapore practice (BCA CDE Data Standard, iNPQS references) and international classification standards (ISO 6707, Uniclass 2015, OmniClass, MasterFormat)."
MEP - Plumbing & Sanitary,Pipes & Fittings,uPVC End Cap,uPVC End Cap - 50mm,each,,plumbing;fitting,"Derived from common Singapore practice (BCA CDE Data Standard, iNPQS references) and international classification standards (ISO 6707, Uniclass 2015, OmniClass, MasterFormat)."
MEP - Plumbing & Sanitary,Pipes & Fittings,uPVC End Cap,uPVC End Cap - 75mm,each,,plumbing;fitting,"Derived from common Singapore practice (BCA CDE Data Standard, iNPQS references) and international classification standards (ISO 6707, Uniclass 2015, OmniClass, MasterFormat)."
MEP - Plumbing & Sanitary,Pipes & Fittings,uPVC End Cap,uPVC End Cap - 100mm,each,,plumbing;fitting,"Derived from common Singapore practice (BCA CDE Data Standard, iNPQS references) and international classification standards (ISO 6707, Uniclass 2015, OmniClass, MasterFormat)."
MEP - Plumbing & Sanitary,Pipes & Fittings,uPVC End Cap,uPVC End Cap - 150mm,each,,plumbing;fitting,"Derived from common Singapore practice (BCA CDE Data Standard, iNPQS references) and international classification standards (ISO 6707, Uniclass 2015, OmniClass, MasterFormat)."
MEP - Plumbing & Sanitary,Pipes & Fittings,uPVC End Cap,uPVC End Cap - 200mm,each,,plumbing;fitting,"Derived from common Singapore practice (BCA CDE Data Standard, iNPQS references) and international classification standards (ISO 6707, Uniclass 2015, OmniClass, MasterFormat)."
MEP - Plumbing & Sanitary,Pipes & Fittings,HDPE Elbow,HDPE Elbow - 63mm,each,,plumbing;fitting,"Derived from common Singapore practice (BCA CDE Data Standard, iNPQS references) and international classification standards (ISO 6707, Uniclass 2015, OmniClass, MasterFormat)."
MEP - Plumbing & Sanitary,Pipes & Fittings,HDPE Elbow,HDPE Elbow - 75mm,each,,plumbing;fitting,"Derived from common Singapore practice (BCA CDE Data Standard, iNPQS references) and international classification standards (ISO 6707, Uniclass 2015, OmniClass, MasterFormat)."
MEP - Plumbing & Sanitary,Pipes & Fittings,HDPE Elbow,HDPE Elbow - 90mm,each,,plumbing;fitting,"Derived from common Singapore practice (BCA CDE Data Standard, iNPQS references) and international classification standards (ISO 6707, Uniclass 2015, OmniClass, MasterFormat)."
MEP - Plumbing & Sanitary,Pipes & Fittings,HDPE Elbow,HDPE Elbow - 100mm,each,,plumbing;fitting,"Derived from common Singapore practice (BCA CDE Data Standard, iNPQS references) and international classification standards (ISO 6707, Uniclass 2015, OmniClass, MasterFormat)."
MEP - Plumbing & Sanitary,Pipes & Fittings,HDPE Elbow,HDPE Elbow - 110mm,each,,plumbing;fitting,"Derived from common Singapore practice (BCA CDE Data Standard, iNPQS references) and international classification standards (ISO 6707, Uniclass 2015, OmniClass, MasterFormat)."
MEP - Plumbing & Sanitary,Pipes & Fittings,HDPE Elbow,HDPE Elbow - 125mm,each,,plumbing;fitting,"Derived from common Singapore practice (BCA CDE Data Standard, iNPQS references) and international classification standards (ISO 6707, Uniclass 2015, OmniClass, MasterFormat)."
MEP - Plumbing & Sanitary,Pipes & Fittings,HDPE Elbow,HDPE Elbow - 150mm,each,,plumbing;fitting,"Derived from common Singapore practice (BCA CDE Data Standard, iNPQS references) and international classification standards (ISO 6707, Uniclass 2015, OmniClass, MasterFormat)."
MEP - Plumbing & Sanitary,Pipes & Fittings,HDPE Elbow,HDPE Elbow - 160mm,each,,plumbing;fitting,"Derived from common Singapore practice (BCA CDE Data Standard, iNPQS references) and international classification standards (ISO 6707, Uniclass 2015, OmniClass, MasterFormat)."
MEP - Plumbing & Sanitary,Pipes & Fittings,HDPE Elbow,HDPE Elbow - 200mm,each,,plumbing;fitting,"Derived from common Singapore practice (BCA CDE Data Standard, iNPQS references) and international classification standards (ISO 6707, Uniclass 2015, OmniClass, MasterFormat)."
MEP - Plumbing & Sanitary,Pipes & Fittings,HDPE Tee,HDPE Tee - 63mm,each,,plumbing;fitting,"Derived from common Singapore practice (BCA CDE Data Standard, iNPQS references) and international classification standards (ISO 6707, Uniclass 2015, OmniClass, MasterFormat)."
MEP - Plumbing & Sanitary,Pipes & Fittings,HDPE Tee,HDPE Tee - 75mm,each,,plumbing;fitting,"Derived from common Singapore practice (BCA CDE Data Standard, iNPQS references) and international classification standards (ISO 6707, Uniclass 2015, OmniClass, MasterFormat)."
MEP - Plumbing & Sanitary,Pipes & Fittings,HDPE Tee,HDPE Tee - 90mm,each,,plumbing;fitting,"Derived from common Singapore practice (BCA CDE Data Standard, iNPQS references) and international classification standards (ISO 6707, Uniclass 2015, OmniClass, MasterFormat)."
MEP - Plumbing & Sanitary,Pipes & Fittings,HDPE Tee,HDPE Tee - 100mm,each,,plumbing;fitting,"Derived from common Singapore practice (BCA CDE Data Standard, iNPQS references) and international classification standards (ISO 6707, Uniclass 2015, OmniClass, MasterFormat)."
MEP - Plumbing & Sanitary,Pipes & Fittings,HDPE Tee,HDPE Tee - 110mm,each,,plumbing;fitting,"Derived from common Singapore practice (BCA CDE Data Standard, iNPQS references) and international classification standards (ISO 6707, Uniclass 2015, OmniClass, MasterFormat)."
MEP - Plumbing & Sanitary,Pipes & Fittings,HDPE Tee,HDPE Tee - 125mm,each,,plumbing;fitting,"Derived from common Singapore practice (BCA CDE Data Standard, iNPQS references) and international classification standards (ISO 6707, Uniclass 2015, OmniClass, MasterFormat)."
MEP - Plumbing & Sanitary,Pipes & Fittings,HDPE Tee,HDPE Tee - 150mm,each,,plumbing;fitting,"Derived from common Singapore practice (BCA CDE Data Standard, iNPQS references) and international classification standards (ISO 6707, Uniclass 2015, OmniClass, MasterFormat)."
MEP - Plumbing & Sanitary,Pipes & Fittings,HDPE Tee,HDPE Tee - 160mm,each,,plumbing;fitting,"Derived from common Singapore practice (BCA CDE Data Standard, iNPQS references) and international classification standards (ISO 6707, Uniclass 2015, OmniClass, MasterFormat)."
MEP - Plumbing & Sanitary,Pipes & Fittings,HDPE Tee,HDPE Tee - 200mm,each,,plumbing;fitting,"Derived from common Singapore practice (BCA CDE Data Standard, iNPQS references) and international classification standards (ISO 6707, Uniclass 2015, OmniClass, MasterFormat)."
MEP - Plumbing & Sanitary,Pipes & Fittings,HDPE Reducer,HDPE Reducer - 63mm,each,,plumbing;fitting,"Derived from common Singapore practice (BCA CDE Data Standard, iNPQS references) and international classification standards (ISO 6707, Uniclass 2015, OmniClass, MasterFormat)."
MEP - Plumbing & Sanitary,Pipes & Fittings,HDPE Reducer,HDPE Reducer - 75mm,each,,plumbing;fitting,"Derived from common Singapore practice (BCA CDE Data Standard, iNPQS references) and international classification standards (ISO 6707, Uniclass 2015, OmniClass, MasterFormat)."
MEP - Plumbing & Sanitary,Pipes & Fittings,HDPE Reducer,HDPE Reducer - 90mm,each,,plumbing;fitting,"Derived from common Singapore practice (BCA CDE Data Standard, iNPQS references) and international classification standards (ISO 6707, Uniclass 2015, OmniClass, MasterFormat)."
MEP - Plumbing & Sanitary,Pipes & Fittings,HDPE Reducer,HDPE Reducer - 100mm,each,,plumbing;fitting,"Derived from common Singapore practice (BCA CDE Data Standard, iNPQS references) and international classification standards (ISO 6707, Uniclass 2015, OmniClass, MasterFormat)."
MEP - Plumbing & Sanitary,Pipes & Fittings,HDPE Reducer,HDPE Reducer - 110mm,each,,plumbing;fitting,"Derived from common Singapore practice (BCA CDE Data Standard, iNPQS references) and international classification standards (ISO 6707, Uniclass 2015, OmniClass, MasterFormat)."
MEP - Plumbing & Sanitary,Pipes & Fittings,HDPE Reducer,HDPE Reducer - 125mm,each,,plumbing;fitting,"Derived from common Singapore practice (BCA CDE Data Standard, iNPQS references) and international classification standards (ISO 6707, Uniclass 2015, OmniClass, MasterFormat)."
MEP - Plumbing & Sanitary,Pipes & Fittings,HDPE Reducer,HDPE Reducer - 150mm,each,,plumbing;fitting,"Derived from common Singapore practice (BCA CDE Data Standard, iNPQS references) and international classification standards (ISO 6707, Uniclass 2015, OmniClass, MasterFormat)."
MEP - Plumbing & Sanitary,Pipes & Fittings,HDPE Reducer,HDPE Reducer - 160mm,each,,plumbing;fitting,"Derived from common Singapore practice (BCA CDE Data Standard, iNPQS references) and international classification standards (ISO 6707, Uniclass 2015, OmniClass, MasterFormat)."
MEP - Plumbing & Sanitary,Pipes & Fittings,HDPE Reducer,HDPE Reducer - 200mm,each,,plumbing;fitting,"Derived from common Singapore practice (BCA CDE Data Standard, iNPQS references) and international classification standards (ISO 6707, Uniclass 2015, OmniClass, MasterFormat)."
MEP - Plumbing & Sanitary,Pipes & Fittings,HDPE Coupling,HDPE Coupling - 63mm,each,,plumbing;fitting,"Derived from common Singapore practice (BCA CDE Data Standard, iNPQS references) and international classification standards (ISO 6707, Uniclass 2015, OmniClass, MasterFormat)."
MEP - Plumbing & Sanitary,Pipes & Fittings,HDPE Coupling,HDPE Coupling - 75mm,each,,plumbing;fitting,"Derived from common Singapore practice (BCA CDE Data Standard, iNPQS references) and international classification standards (ISO 6707, Uniclass 2015, OmniClass, MasterFormat)."
MEP - Plumbing & Sanitary,Pipes & Fittings,HDPE Coupling,HDPE Coupling - 90mm,each,,plumbing;fitting,"Derived from common Singapore practice (BCA CDE Data Standard, iNPQS references) and international classification standards (ISO 6707, Uniclass 2015, OmniClass, MasterFormat)."
MEP - Plumbing & Sanitary,Pipes & Fittings,HDPE Coupling,HDPE Coupling - 100mm,each,,plumbing;fitting,"Derived from common Singapore practice (BCA CDE Data Standard, iNPQS references) and international classification standards (ISO 6707, Uniclass 2015, OmniClass, MasterFormat)."
MEP - Plumbing & Sanitary,Pipes & Fittings,HDPE Coupling,HDPE Coupling - 110mm,each,,plumbing;fitting,"Derived from common Singapore practice (BCA CDE Data Standard, iNPQS references) and international classification standards (ISO 6707, Uniclass 2015, OmniClass, MasterFormat)."
MEP - Plumbing & Sanitary,Pipes & Fittings,HDPE Coupling,HDPE Coupling - 125mm,each,,plumbing;fitting,"Derived from common Singapore practice (BCA CDE Data Standard, iNPQS references) and international classification standards (ISO 6707, Uniclass 2015, OmniClass, MasterFormat)."
MEP - Plumbing & Sanitary,Pipes & Fittings,HDPE Coupling,HDPE Coupling - 150mm,each,,plumbing;fitting,"Derived from common Singapore practice (BCA CDE Data Standard, iNPQS references) and international classification standards (ISO 6707, Uniclass 2015, OmniClass, MasterFormat)."
MEP - Plumbing & Sanitary,Pipes & Fittings,HDPE Coupling,HDPE Coupling - 160mm,each,,plumbing;fitting,"Derived from common Singapore practice (BCA CDE Data Standard, iNPQS references) and international classification standards (ISO 6707, Uniclass 2015, OmniClass, MasterFormat)."
MEP - Plumbing & Sanitary,Pipes & Fittings,HDPE Coupling,HDPE Coupling - 200mm,each,,plumbing;fitting,"Derived from common Singapore practice (BCA CDE Data Standard, iNPQS references) and international classification standards (ISO 6707, Uniclass 2015, OmniClass, MasterFormat)."
MEP - Plumbing & Sanitary,Pipes & Fittings,HDPE End Cap,HDPE End Cap - 63mm,each,,plumbing;fitting,"Derived from common Singapore practice (BCA CDE Data Standard, iNPQS references) and international classification standards (ISO 6707, Uniclass 2015, OmniClass, MasterFormat)."
MEP - Plumbing & Sanitary,Pipes & Fittings,HDPE End Cap,HDPE End Cap - 75mm,each,,plumbing;fitting,"Derived from common Singapore practice (BCA CDE Data Standard, iNPQS references) and international classification standards (ISO 6707, Uniclass 2015, OmniClass, MasterFormat)."
MEP - Plumbing & Sanitary,Pipes & Fittings,HDPE End Cap,HDPE End Cap - 90mm,each,,plumbing;fitting,"Derived from common Singapore practice (BCA CDE Data Standard, iNPQS references) and international classification standards (ISO 6707, Uniclass 2015, OmniClass, MasterFormat)."
MEP - Plumbing & Sanitary,Pipes & Fittings,HDPE End Cap,HDPE End Cap - 100mm,each,,plumbing;fitting,"Derived from common Singapore practice (BCA CDE Data Standard, iNPQS references) and international classification standards (ISO 6707, Uniclass 2015, OmniClass, MasterFormat)."
MEP - Plumbing & Sanitary,Pipes & Fittings,HDPE End Cap,HDPE End Cap - 110mm,each,,plumbing;fitting,"Derived from common Singapore practice (BCA CDE Data Standard, iNPQS references) and international classification standards (ISO 6707, Uniclass 2015, OmniClass, MasterFormat)."
MEP - Plumbing & Sanitary,Pipes & Fittings,HDPE End Cap,HDPE End Cap - 125mm,each,,plumbing;fitting,"Derived from common Singapore practice (BCA CDE Data Standard, iNPQS references) and international classification standards (ISO 6707, Uniclass 2015, OmniClass, MasterFormat)."
MEP - Plumbing & Sanitary,Pipes & Fittings,HDPE End Cap,HDPE End Cap - 150mm,each,,plumbing;fitting,"Derived from common Singapore practice (BCA CDE Data Standard, iNPQS references) and international classification standards (ISO 6707, Uniclass 2015, OmniClass, MasterFormat)."
MEP - Plumbing & Sanitary,Pipes & Fittings,HDPE End Cap,HDPE End Cap - 160mm,each,,plumbing;fitting,"Derived from common Singapore practice (BCA CDE Data Standard, iNPQS references) and international classification standards (ISO 6707, Uniclass 2015, OmniClass, MasterFormat)."
MEP - Plumbing & Sanitary,Pipes & Fittings,HDPE End Cap,HDPE End Cap - 200mm,each,,plumbing;fitting,"Derived from common Singapore practice (BCA CDE Data Standard, iNPQS references) and international classification standards (ISO 6707, Uniclass 2015, OmniClass, MasterFormat)."
MEP - Plumbing & Sanitary,Pipes & Fittings,PPR Elbow,PPR Elbow - 20mm,each,,plumbing;fitting,"Derived from common Singapore practice (BCA CDE Data Standard, iNPQS references) and international classification standards (ISO 6707, Uniclass 2015, OmniClass, MasterFormat)."
MEP - Plumbing & Sanitary,Pipes & Fittings,PPR Elbow,PPR Elbow - 25mm,each,,plumbing;fitting,"Derived from common Singapore practice (BCA CDE Data Standard, iNPQS references) and international classification standards (ISO 6707, Uniclass 2015, OmniClass, MasterFormat)."
MEP - Plumbing & Sanitary,Pipes & Fittings,PPR Elbow,PPR Elbow - 32mm,each,,plumbing;fitting,"Derived from common Singapore practice (BCA CDE Data Standard, iNPQS references) and international classification standards (ISO 6707, Uniclass 2015, OmniClass, MasterFormat)."
MEP - Plumbing & Sanitary,Pipes & Fittings,PPR Elbow,PPR Elbow - 40mm,each,,plumbing;fitting,"Derived from common Singapore practice (BCA CDE Data Standard, iNPQS references) and international classification standards (ISO 6707, Uniclass 2015, OmniClass, MasterFormat)."
MEP - Plumbing & Sanitary,Pipes & Fittings,PPR Elbow,PPR Elbow - 50mm,each,,plumbing;fitting,"Derived from common Singapore practice (BCA CDE Data Standard, iNPQS references) and international classification standards (ISO 6707, Uniclass 2015, OmniClass, MasterFormat)."
MEP - Plumbing & Sanitary,Pipes & Fittings,PPR Elbow,PPR Elbow - 63mm,each,,plumbing;fitting,"Derived from common Singapore practice (BCA CDE Data Standard, iNPQS references) and international classification standards (ISO 6707, Uniclass 2015, OmniClass, MasterFormat)."
MEP - Plumbing & Sanitary,Pipes & Fittings,PPR Elbow,PPR Elbow - 75mm,each,,plumbing;fitting,"Derived from common Singapore practice (BCA CDE Data Standard, iNPQS references) and international classification standards (ISO 6707, Uniclass 2015, OmniClass, MasterFormat)."
MEP - Plumbing & Sanitary,Pipes & Fittings,PPR Elbow,PPR Elbow - 90mm,each,,plumbing;fitting,"Derived from common Singapore practice (BCA CDE Data Standard, iNPQS references) and international classification standards (ISO 6707, Uniclass 2015, OmniClass, MasterFormat)."
MEP - Plumbing & Sanitary,Pipes & Fittings,PPR Elbow,PPR Elbow - 110mm,each,,plumbing;fitting,"Derived from common Singapore practice (BCA CDE Data Standard, iNPQS references) and international classification standards (ISO 6707, Uniclass 2015, OmniClass, MasterFormat)."
MEP - Plumbing & Sanitary,Pipes & Fittings,PPR Tee,PPR Tee - 20mm,each,,plumbing;fitting,"Derived from common Singapore practice (BCA CDE Data Standard, iNPQS references) and international classification standards (ISO 6707, Uniclass 2015, OmniClass, MasterFormat)."
MEP - Plumbing & Sanitary,Pipes & Fittings,PPR Tee,PPR Tee - 25mm,each,,plumbing;fitting,"Derived from common Singapore practice (BCA CDE Data Standard, iNPQS references) and international classification standards (ISO 6707, Uniclass 2015, OmniClass, MasterFormat)."
MEP - Plumbing & Sanitary,Pipes & Fittings,PPR Tee,PPR Tee - 32mm,each,,plumbing;fitting,"Derived from common Singapore practice (BCA CDE Data Standard, iNPQS references) and international classification standards (ISO 6707, Uniclass 2015, OmniClass, MasterFormat)."
MEP - Plumbing & Sanitary,Pipes & Fittings,PPR Tee,PPR Tee - 40mm,each,,plumbing;fitting,"Derived from common Singapore practice (BCA CDE Data Standard, iNPQS references) and international classification standards (ISO 6707, Uniclass 2015, OmniClass, MasterFormat)."
MEP - Plumbing & Sanitary,Pipes & Fittings,PPR Tee,PPR Tee - 50mm,each,,plumbing;fitting,"Derived from common Singapore practice (BCA CDE Data Standard, iNPQS references) and international classification standards (ISO 6707, Uniclass 2015, OmniClass, MasterFormat)."
MEP - Plumbing & Sanitary,Pipes & Fittings,PPR Tee,PPR Tee - 63mm,each,,plumbing;fitting,"Derived from common Singapore practice (BCA CDE Data Standard, iNPQS references) and international classification standards (ISO 6707, Uniclass 2015, OmniClass, MasterFormat)."
MEP - Plumbing & Sanitary,Pipes & Fittings,PPR Tee,PPR Tee - 75mm,each,,plumbing;fitting,"Derived from common Singapore practice (BCA CDE Data Standard, iNPQS references) and international classification standards (ISO 6707, Uniclass 2015, OmniClass, MasterFormat)."
MEP - Plumbing & Sanitary,Pipes & Fittings,PPR Tee,PPR Tee - 90mm,each,,plumbing;fitting,"Derived from common Singapore practice (BCA CDE Data Standard, iNPQS references) and international classification standards (ISO 6707, Uniclass 2015, OmniClass, MasterFormat)."
MEP - Plumbing & Sanitary,Pipes & Fittings,PPR Tee,PPR Tee - 110mm,each,,plumbing;fitting,"Derived from common Singapore practice (BCA CDE Data Standard, iNPQS references) and international classification standards (ISO 6707, Uniclass 2015, OmniClass, MasterFormat)."
MEP - Plumbing & Sanitary,Pipes & Fittings,PPR Reducer,PPR Reducer - 20mm,each,,plumbing;fitting,"Derived from common Singapore practice (BCA CDE Data Standard, iNPQS references) and international classification standards (ISO 6707, Uniclass 2015, OmniClass, MasterFormat)."
MEP - Plumbing & Sanitary,Pipes & Fittings,PPR Reducer,PPR Reducer - 25mm,each,,plumbing;fitting,"Derived from common Singapore practice (BCA CDE Data Standard, iNPQS references) and international classification standards (ISO 6707, Uniclass 2015, OmniClass, MasterFormat)."
MEP - Plumbing & Sanitary,Pipes & Fittings,PPR Reducer,PPR Reducer - 32mm,each,,plumbing;fitting,"Derived from common Singapore practice (BCA CDE Data Standard, iNPQS references) and international classification standards (ISO 6707, Uniclass 2015, OmniClass, MasterFormat)."
MEP - Plumbing & Sanitary,Pipes & Fittings,PPR Reducer,PPR Reducer - 40mm,each,,plumbing;fitting,"Derived from common Singapore practice (BCA CDE Data Standard, iNPQS references) and international classification standards (ISO 6707, Uniclass 2015, OmniClass, MasterFormat)."
MEP - Plumbing & Sanitary,Pipes & Fittings,PPR Reducer,PPR Reducer - 50mm,each,,plumbing;fitting,"Derived from common Singapore practice (BCA CDE Data Standard, iNPQS references) and international classification standards (ISO 6707, Uniclass 2015, OmniClass, MasterFormat)."
MEP - Plumbing & Sanitary,Pipes & Fittings,PPR Reducer,PPR Reducer - 63mm,each,,plumbing;fitting,"Derived from common Singapore practice (BCA CDE Data Standard, iNPQS references) and international classification standards (ISO 6707, Uniclass 2015, OmniClass, MasterFormat)."
MEP - Plumbing & Sanitary,Pipes & Fittings,PPR Reducer,PPR Reducer - 75mm,each,,plumbing;fitting,"Derived from common Singapore practice (BCA CDE Data Standard, iNPQS references) and international classification standards (ISO 6707, Uniclass 2015, OmniClass, MasterFormat)."
MEP - Plumbing & Sanitary,Pipes & Fittings,PPR Reducer,PPR Reducer - 90mm,each,,plumbing;fitting,"Derived from common Singapore practice (BCA CDE Data Standard, iNPQS references) and international classification standards (ISO 6707, Uniclass 2015, OmniClass, MasterFormat)."
MEP - Plumbing & Sanitary,Pipes & Fittings,PPR Reducer,PPR Reducer - 110mm,each,,plumbing;fitting,"Derived from common Singapore practice (BCA CDE Data Standard, iNPQS references) and international classification standards (ISO 6707, Uniclass 2015, OmniClass, MasterFormat)."
MEP - Plumbing & Sanitary,Pipes & Fittings,PPR Coupling,PPR Coupling - 20mm,each,,plumbing;fitting,"Derived from common Singapore practice (BCA CDE Data Standard, iNPQS references) and international classification standards (ISO 6707, Uniclass 2015, OmniClass, MasterFormat)."
MEP - Plumbing & Sanitary,Pipes & Fittings,PPR Coupling,PPR Coupling - 25mm,each,,plumbing;fitting,"Derived from common Singapore practice (BCA CDE Data Standard, iNPQS references) and international classification standards (ISO 6707, Uniclass 2015, OmniClass, MasterFormat)."
MEP - Plumbing & Sanitary,Pipes & Fittings,PPR Coupling,PPR Coupling - 32mm,each,,plumbing;fitting,"Derived from common Singapore practice (BCA CDE Data Standard, iNPQS references) and international classification standards (ISO 6707, Uniclass 2015, OmniClass, MasterFormat)."
MEP - Plumbing & Sanitary,Pipes & Fittings,PPR Coupling,PPR Coupling - 40mm,each,,plumbing;fitting,"Derived from common Singapore practice (BCA CDE Data Standard, iNPQS references) and international classification standards (ISO 6707, Uniclass 2015, OmniClass, MasterFormat)."
MEP - Plumbing & Sanitary,Pipes & Fittings,PPR Coupling,PPR Coupling - 50mm,each,,plumbing;fitting,"Derived from common Singapore practice (BCA CDE Data Standard, iNPQS references) and international classification standards (ISO 6707, Uniclass 2015, OmniClass, MasterFormat)."
MEP - Plumbing & Sanitary,Pipes & Fittings,PPR Coupling,PPR Coupling - 63mm,each,,plumbing;fitting,"Derived from common Singapore practice (BCA CDE Data Standard, iNPQS references) and international classification standards (ISO 6707, Uniclass 2015, OmniClass, MasterFormat)."
MEP - Plumbing & Sanitary,Pipes & Fittings,PPR Coupling,PPR Coupling - 75mm,each,,plumbing;fitting,"Derived from common Singapore practice (BCA CDE Data Standard, iNPQS references) and international classification standards (ISO 6707, Uniclass 2015, OmniClass, MasterFormat)."
MEP - Plumbing & Sanitary,Pipes & Fittings,PPR Coupling,PPR Coupling - 90mm,each,,plumbing;fitting,"Derived from common Singapore practice (BCA CDE Data Standard, iNPQS references) and international classification standards (ISO 6707, Uniclass 2015, OmniClass, MasterFormat)."
MEP - Plumbing & Sanitary,Pipes & Fittings,PPR Coupling,PPR Coupling - 110mm,each,,plumbing;fitting,"Derived from common Singapore practice (BCA CDE Data Standard, iNPQS references) and international classification standards (ISO 6707, Uniclass 2015, OmniClass, MasterFormat)."
MEP - Plumbing & Sanitary,Pipes & Fittings,PPR End Cap,PPR End Cap - 20mm,each,,plumbing;fitting,"Derived from common Singapore practice (BCA CDE Data Standard, iNPQS references) and international classification standards (ISO 6707, Uniclass 2015, OmniClass, MasterFormat)."
MEP - Plumbing & Sanitary,Pipes & Fittings,PPR End Cap,PPR End Cap - 25mm,each,,plumbing;fitting,"Derived from common Singapore practice (BCA CDE Data Standard, iNPQS references) and international classification standards (ISO 6707, Uniclass 2015, OmniClass, MasterFormat)."
MEP - Plumbing & Sanitary,Pipes & Fittings,PPR End Cap,PPR End Cap - 32mm,each,,plumbing;fitting,"Derived from common Singapore practice (BCA CDE Data Standard, iNPQS references) and international classification standards (ISO 6707, Uniclass 2015, OmniClass, MasterFormat)."
MEP - Plumbing & Sanitary,Pipes & Fittings,PPR End Cap,PPR End Cap - 40mm,each,,plumbing;fitting,"Derived from common Singapore practice (BCA CDE Data Standard, iNPQS references) and international classification standards (ISO 6707, Uniclass 2015, OmniClass, MasterFormat)."
MEP - Plumbing & Sanitary,Pipes & Fittings,PPR End Cap,PPR End Cap - 50mm,each,,plumbing;fitting,"Derived from common Singapore practice (BCA CDE Data Standard, iNPQS references) and international classification standards (ISO 6707, Uniclass 2015, OmniClass, MasterFormat)."
MEP - Plumbing & Sanitary,Pipes & Fittings,PPR End Cap,PPR End Cap - 63mm,each,,plumbing;fitting,"Derived from common Singapore practice (BCA CDE Data Standard, iNPQS references) and international classification standards (ISO 6707, Uniclass 2015, OmniClass, MasterFormat)."
MEP - Plumbing & Sanitary,Pipes & Fittings,PPR End Cap,PPR End Cap - 75mm,each,,plumbing;fitting,"Derived from common Singapore practice (BCA CDE Data Standard, iNPQS references) and international classification standards (ISO 6707, Uniclass 2015, OmniClass, MasterFormat)."
MEP - Plumbing & Sanitary,Pipes & Fittings,PPR End Cap,PPR End Cap - 90mm,each,,plumbing;fitting,"Derived from common Singapore practice (BCA CDE Data Standard, iNPQS references) and international classification standards (ISO 6707, Uniclass 2015, OmniClass, MasterFormat)."
MEP - Plumbing & Sanitary,Pipes & Fittings,PPR End Cap,PPR End Cap - 110mm,each,,plumbing;fitting,"Derived from common Singapore practice (BCA CDE Data Standard, iNPQS references) and international classification standards (ISO 6707, Uniclass 2015, OmniClass, MasterFormat)."
External Works & Roads,Drainage,Drainage uPVC Pipe,Drainage uPVC Pipe - 100mm,meter,,drainage,"Derived from common Singapore practice (BCA CDE Data Standard, iNPQS references) and international classification standards (ISO 6707, Uniclass 2015, OmniClass, MasterFormat)."
External Works & Roads,Drainage,Drainage uPVC Pipe,Drainage uPVC Pipe - 150mm,meter,,drainage,"Derived from common Singapore practice (BCA CDE Data Standard, iNPQS references) and international classification standards (ISO 6707, Uniclass 2015, OmniClass, MasterFormat)."
External Works & Roads,Drainage,Drainage uPVC Pipe,Drainage uPVC Pipe - 200mm,meter,,drainage,"Derived from common Singapore practice (BCA CDE Data Standard, iNPQS references) and international classification standards (ISO 6707, Uniclass 2015, OmniClass, MasterFormat)."
External Works & Roads,Drainage,Drainage uPVC Pipe,Drainage uPVC Pipe - 250mm,meter,,drainage,"Derived from common Singapore practice (BCA CDE Data Standard, iNPQS references) and international classification standards (ISO 6707, Uniclass 2015, OmniClass, MasterFormat)."
External Works & Roads,Drainage,Drainage uPVC Pipe,Drainage uPVC Pipe - 300mm,meter,,drainage,"Derived from common Singapore practice (BCA CDE Data Standard, iNPQS references) and international classification standards (ISO 6707, Uniclass 2015, OmniClass, MasterFormat)."
External Works & Roads,Drainage,Drainage uPVC Pipe,Drainage uPVC Pipe - 375mm,meter,,drainage,"Derived from common Singapore practice (BCA CDE Data Standard, iNPQS references) and international classification standards (ISO 6707, Uniclass 2015, OmniClass, MasterFormat)."
External Works & Roads,Drainage,Drainage uPVC Pipe,Drainage uPVC Pipe - 450mm,meter,,drainage,"Derived from common Singapore practice (BCA CDE Data Standard, iNPQS references) and international classification standards (ISO 6707, Uniclass 2015, OmniClass, MasterFormat)."
External Works & Roads,Drainage,Drainage uPVC Pipe,Drainage uPVC Pipe - 600mm,meter,,drainage,"Derived from common Singapore practice (BCA CDE Data Standard, iNPQS references) and international classification standards (ISO 6707, Uniclass 2015, OmniClass, MasterFormat)."
External Works & Roads,Drainage,RC Pipe,RC Pipe - 225mm,meter,,drainage,"Derived from common Singapore practice (BCA CDE Data Standard, iNPQS references) and international classification standards (ISO 6707, Uniclass 2015, OmniClass, MasterFormat)."
External Works & Roads,Drainage,RC Pipe,RC Pipe - 250mm,meter,,drainage,"Derived from common Singapore practice (BCA CDE Data Standard, iNPQS references) and international classification standards (ISO 6707, Uniclass 2015, OmniClass, MasterFormat)."
External Works & Roads,Drainage,RC Pipe,RC Pipe - 300mm,meter,,drainage,"Derived from common Singapore practice (BCA CDE Data Standard, iNPQS references) and international classification standards (ISO 6707, Uniclass 2015, OmniClass, MasterFormat)."
External Works & Roads,Drainage,RC Pipe,RC Pipe - 375mm,meter,,drainage,"Derived from common Singapore practice (BCA CDE Data Standard, iNPQS references) and international classification standards (ISO 6707, Uniclass 2015, OmniClass, MasterFormat)."
External Works & Roads,Drainage,RC Pipe,RC Pipe - 450mm,meter,,drainage,"Derived from common Singapore practice (BCA CDE Data Standard, iNPQS references) and international classification standards (ISO 6707, Uniclass 2015, OmniClass, MasterFormat)."
External Works & Roads,Drainage,RC Pipe,RC Pipe - 525mm,meter,,drainage,"Derived from common Singapore practice (BCA CDE Data Standard, iNPQS references) and international classification standards (ISO 6707, Uniclass 2015, OmniClass, MasterFormat)."
External Works & Roads,Drainage,RC Pipe,RC Pipe - 600mm,meter,,drainage,"Derived from common Singapore practice (BCA CDE Data Standard, iNPQS references) and international classification standards (ISO 6707, Uniclass 2015, OmniClass, MasterFormat)."
External Works & Roads,Drainage,RC Pipe,RC Pipe - 750mm,meter,,drainage,"Derived from common Singapore practice (BCA CDE Data Standard, iNPQS references) and international classification standards (ISO 6707, Uniclass 2015, OmniClass, MasterFormat)."
External Works & Roads,Drainage,RC Pipe,RC Pipe - 900mm,meter,,drainage,"Derived from common Singapore practice (BCA CDE Data Standard, iNPQS references) and international classification standards (ISO 6707, Uniclass 2015, OmniClass, MasterFormat)."
External Works & Roads,Drainage,RC Pipe,RC Pipe - 1200mm,meter,,drainage,"Derived from common Singapore practice (BCA CDE Data Standard, iNPQS references) and international classification standards (ISO 6707, Uniclass 2015, OmniClass, MasterFormat)."
Utilities,Water Supply,Ductile Iron Pipe,Ductile Iron Pipe - 225mm,meter,,utilities;water,"Derived from common Singapore practice (BCA CDE Data Standard, iNPQS references) and international classification standards (ISO 6707, Uniclass 2015, OmniClass, MasterFormat)."
Utilities,Water Supply,Ductile Iron Pipe,Ductile Iron Pipe - 250mm,meter,,utilities;water,"Derived from common Singapore practice (BCA CDE Data Standard, iNPQS references) and international classification standards (ISO 6707, Uniclass 2015, OmniClass, MasterFormat)."
Utilities,Water Supply,Ductile Iron Pipe,Ductile Iron Pipe - 300mm,meter,,utilities;water,"Derived from common Singapore practice (BCA CDE Data Standard, iNPQS references) and international classification standards (ISO 6707, Uniclass 2015, OmniClass, MasterFormat)."
Utilities,Water Supply,Ductile Iron Pipe,Ductile Iron Pipe - 375mm,meter,,utilities;water,"Derived from common Singapore practice (BCA CDE Data Standard, iNPQS references) and international classification standards (ISO 6707, Uniclass 2015, OmniClass, MasterFormat)."
Utilities,Water Supply,Ductile Iron Pipe,Ductile Iron Pipe - 450mm,meter,,utilities;water,"Derived from common Singapore practice (BCA CDE Data Standard, iNPQS references) and international classification standards (ISO 6707, Uniclass 2015, OmniClass, MasterFormat)."
Utilities,Water Supply,Ductile Iron Pipe,Ductile Iron Pipe - 525mm,meter,,utilities;water,"Derived from common Singapore practice (BCA CDE Data Standard, iNPQS references) and international classification standards (ISO 6707, Uniclass 2015, OmniClass, MasterFormat)."
Utilities,Water Supply,Ductile Iron Pipe,Ductile Iron Pipe - 600mm,meter,,utilities;water,"Derived from common Singapore practice (BCA CDE Data Standard, iNPQS references) and international classification standards (ISO 6707, Uniclass 2015, OmniClass, MasterFormat)."
Utilities,Water Supply,Ductile Iron Pipe,Ductile Iron Pipe - 750mm,meter,,utilities;water,"Derived from common Singapore practice (BCA CDE Data Standard, iNPQS references) and international classification standards (ISO 6707, Uniclass 2015, OmniClass, MasterFormat)."
Utilities,Water Supply,Ductile Iron Pipe,Ductile Iron Pipe - 900mm,meter,,utilities;water,"Derived from common Singapore practice (BCA CDE Data Standard, iNPQS references) and international classification standards (ISO 6707, Uniclass 2015, OmniClass, MasterFormat)."
Utilities,Water Supply,Ductile Iron Pipe,Ductile Iron Pipe - 1200mm,meter,,utilities;water,"Derived from common Singapore practice (BCA CDE Data Standard, iNPQS references) and international classification standards (ISO 6707, Uniclass 2015, OmniClass, MasterFormat)."
Utilities,Water Supply,HDPE Water Pipe,HDPE Water Pipe - 63mm,meter,,utilities;water,"Derived from common Singapore practice (BCA CDE Data Standard, iNPQS references) and international classification standards (ISO 6707, Uniclass 2015, OmniClass, MasterFormat)."
Utilities,Water Supply,HDPE Water Pipe,HDPE Water Pipe - 75mm,meter,,utilities;water,"Derived from common Singapore practice (BCA CDE Data Standard, iNPQS references) and international classification standards (ISO 6707, Uniclass 2015, OmniClass, MasterFormat)."
Utilities,Water Supply,HDPE Water Pipe,HDPE Water Pipe - 90mm,meter,,utilities;water,"Derived from common Singapore practice (BCA CDE Data Standard, iNPQS references) and international classification standards (ISO 6707, Uniclass 2015, OmniClass, MasterFormat)."
Utilities,Water Supply,HDPE Water Pipe,HDPE Water Pipe - 100mm,meter,,utilities;water,"Derived from common Singapore practice (BCA CDE Data Standard, iNPQS references) and international classification standards (ISO 6707, Uniclass 2015, OmniClass, MasterFormat)."
Utilities,Water Supply,HDPE Water Pipe,HDPE Water Pipe - 110mm,meter,,utilities;water,"Derived from common Singapore practice (BCA CDE Data Standard, iNPQS references) and international classification standards (ISO 6707, Uniclass 2015, OmniClass, MasterFormat)."
Utilities,Water Supply,HDPE Water Pipe,HDPE Water Pipe - 125mm,meter,,utilities;water,"Derived from common Singapore practice (BCA CDE Data Standard, iNPQS references) and international classification standards (ISO 6707, Uniclass 2015, OmniClass, MasterFormat)."
Utilities,Water Supply,HDPE Water Pipe,HDPE Water Pipe - 150mm,meter,,utilities;water,"Derived from common Singapore practice (BCA CDE Data Standard, iNPQS references) and international classification standards (ISO 6707, Uniclass 2015, OmniClass, MasterFormat)."
Utilities,Water Supply,HDPE Water Pipe,HDPE Water Pipe - 160mm,meter,,utilities;water,"Derived from common Singapore practice (BCA CDE Data Standard, iNPQS references) and international classification standards (ISO 6707, Uniclass 2015, OmniClass, MasterFormat)."
Utilities,Water Supply,HDPE Water Pipe,HDPE Water Pipe - 200mm,meter,,utilities;water,"Derived from common Singapore practice (BCA CDE Data Standard, iNPQS references) and international classification standards (ISO 6707, Uniclass 2015, OmniClass, MasterFormat)."
MEP - Plumbing & Sanitary,Pipes & Fittings,GI Pipe,GI Pipe - 15mm,meter,,plumbing;pipe,"Derived from common Singapore practice (BCA CDE Data Standard, iNPQS references) and international classification standards (ISO 6707, Uniclass 2015, OmniClass, MasterFormat)."
MEP - Plumbing & Sanitary,Pipes & Fittings,GI Pipe,GI Pipe - 20mm,meter,,plumbing;pipe,"Derived from common Singapore practice (BCA CDE Data Standard, iNPQS references) and international classification standards (ISO 6707, Uniclass 2015, OmniClass, MasterFormat)."
MEP - Plumbing & Sanitary,Pipes & Fittings,GI Pipe,GI Pipe - 25mm,meter,,plumbing;pipe,"Derived from common Singapore practice (BCA CDE Data Standard, iNPQS references) and international classification standards (ISO 6707, Uniclass 2015, OmniClass, MasterFormat)."
MEP - Plumbing & Sanitary,Pipes & Fittings,GI Pipe,GI Pipe - 32mm,meter,,plumbing;pipe,"Derived from common Singapore practice (BCA CDE Data Standard, iNPQS references) and international classification standards (ISO 6707, Uniclass 2015, OmniClass, MasterFormat)."
MEP - Plumbing & Sanitary,Pipes & Fittings,GI Pipe,GI Pipe - 40mm,meter,,plumbing;pipe,"Derived from common Singapore practice (BCA CDE Data Standard, iNPQS references) and international classification standards (ISO 6707, Uniclass 2015, OmniClass, MasterFormat)."
MEP - Plumbing & Sanitary,Pipes & Fittings,GI Pipe,GI Pipe - 50mm,meter,,plumbing;pipe,"Derived from common Singapore practice (BCA CDE Data Standard, iNPQS references) and international classification standards (ISO 6707, Uniclass 2015, OmniClass, MasterFormat)."
MEP - Plumbing & Sanitary,Pipes & Fittings,GI Pipe,GI Pipe - 65mm,meter,,plumbing;pipe,"Derived from common Singapore practice (BCA CDE Data Standard, iNPQS references) and international classification standards (ISO 6707, Uniclass 2015, OmniClass, MasterFormat)."
MEP - Plumbing & Sanitary,Pipes & Fittings,GI Pipe,GI Pipe - 80mm,meter,,plumbing;pipe,"Derived from common Singapore practice (BCA CDE Data Standard, iNPQS references) and international classification standards (ISO 6707, Uniclass 2015, OmniClass, MasterFormat)."
MEP - Plumbing & Sanitary,Pipes & Fittings,GI Pipe,GI Pipe - 100mm,meter,,plumbing;pipe,"Derived from common Singapore practice (BCA CDE Data Standard, iNPQS references) and international classification standards (ISO 6707, Uniclass 2015, OmniClass, MasterFormat)."
MEP - Plumbing & Sanitary,Pipes & Fittings,GI Pipe,GI Pipe - 150mm,meter,,plumbing;pipe,"Derived from common Singapore practice (BCA CDE Data Standard, iNPQS references) and international classification standards (ISO 6707, Uniclass 2015, OmniClass, MasterFormat)."
MEP - Plumbing & Sanitary,Pumps & Accessories,Gate Valve,Gate Valve - 20mm,each,,plumbing;valve,"Derived from common Singapore practice (BCA CDE Data Standard, iNPQS references) and international classification standards (ISO 6707, Uniclass 2015, OmniClass, MasterFormat)."
MEP - Plumbing & Sanitary,Pumps & Accessories,Gate Valve,Gate Valve - 25mm,each,,plumbing;valve,"Derived from common Singapore practice (BCA CDE Data Standard, iNPQS references) and international classification standards (ISO 6707, Uniclass 2015, OmniClass, MasterFormat)."
MEP - Plumbing & Sanitary,Pumps & Accessories,Gate Valve,Gate Valve - 32mm,each,,plumbing;valve,"Derived from common Singapore practice (BCA CDE Data Standard, iNPQS references) and international classification standards (ISO 6707, Uniclass 2015, OmniClass, MasterFormat)."
MEP - Plumbing & Sanitary,Pumps & Accessories,Gate Valve,Gate Valve - 40mm,each,,plumbing;valve,"Derived from common Singapore practice (BCA CDE Data Standard, iNPQS references) and international classification standards (ISO 6707, Uniclass 2015, OmniClass, MasterFormat)."
MEP - Plumbing & Sanitary,Pumps & Accessories,Gate Valve,Gate Valve - 50mm,each,,plumbing;valve,"Derived from common Singapore practice (BCA CDE Data Standard, iNPQS references) and international classification standards (ISO 6707, Uniclass 2015, OmniClass, MasterFormat)."
MEP - Plumbing & Sanitary,Pumps & Accessories,Gate Valve,Gate Valve - 65mm,each,,plumbing;valve,"Derived from common Singapore practice (BCA CDE Data Standard, iNPQS references) and international classification standards (ISO 6707, Uniclass 2015, OmniClass, MasterFormat)."
MEP - Plumbing & Sanitary,Pumps & Accessories,Gate Valve,Gate Valve - 80mm,each,,plumbing;valve,"Derived from common Singapore practice (BCA CDE Data Standard, iNPQS references) and international classification standards (ISO 6707, Uniclass 2015, OmniClass, MasterFormat)."
MEP - Plumbing & Sanitary,Pumps & Accessories,Gate Valve,Gate Valve - 100mm,each,,plumbing;valve,"Derived from common Singapore practice (BCA CDE Data Standard, iNPQS references) and international classification standards (ISO 6707, Uniclass 2015, OmniClass, MasterFormat)."
MEP - Plumbing & Sanitary,Pumps & Accessories,Gate Valve,Gate Valve - 150mm,each,,plumbing;valve,"Derived from common Singapore practice (BCA CDE Data Standard, iNPQS references) and international classification standards (ISO 6707, Uniclass 2015, OmniClass, MasterFormat)."
MEP - Plumbing & Sanitary,Pumps & Accessories,Gate Valve,Gate Valve - 200mm,each,,plumbing;valve,"Derived from common Singapore practice (BCA CDE Data Standard, iNPQS references) and international classification standards (ISO 6707, Uniclass 2015, OmniClass, MasterFormat)."
MEP - Plumbing & Sanitary,Pumps & Accessories,Globe Valve,Globe Valve - 20mm,each,,plumbing;valve,"Derived from common Singapore practice (BCA CDE Data Standard, iNPQS references) and international classification standards (ISO 6707, Uniclass 2015, OmniClass, MasterFormat)."
MEP - Plumbing & Sanitary,Pumps & Accessories,Globe Valve,Globe Valve - 25mm,each,,plumbing;valve,"Derived from common Singapore practice (BCA CDE Data Standard, iNPQS references) and international classification standards (ISO 6707, Uniclass 2015, OmniClass, MasterFormat)."
MEP - Plumbing & Sanitary,Pumps & Accessories,Globe Valve,Globe Valve - 32mm,each,,plumbing;valve,"Derived from common Singapore practice (BCA CDE Data Standard, iNPQS references) and international classification standards (ISO 6707, Uniclass 2015, OmniClass, MasterFormat)."
MEP - Plumbing & Sanitary,Pumps & Accessories,Globe Valve,Globe Valve - 40mm,each,,plumbing;valve,"Derived from common Singapore practice (BCA CDE Data Standard, iNPQS references) and international classification standards (ISO 6707, Uniclass 2015, OmniClass, MasterFormat)."
MEP - Plumbing & Sanitary,Pumps & Accessories,Globe Valve,Globe Valve - 50mm,each,,plumbing;valve,"Derived from common Singapore practice (BCA CDE Data Standard, iNPQS references) and international classification standards (ISO 6707, Uniclass 2015, OmniClass, MasterFormat)."
MEP - Plumbing & Sanitary,Pumps & Accessories,Globe Valve,Globe Valve - 65mm,each,,plumbing;valve,"Derived from common Singapore practice (BCA CDE Data Standard, iNPQS references) and international classification standards (ISO 6707, Uniclass 2015, OmniClass, MasterFormat)."
MEP - Plumbing & Sanitary,Pumps & Accessories,Globe Valve,Globe Valve - 80mm,each,,plumbing;valve,"Derived from common Singapore practice (BCA CDE Data Standard, iNPQS references) and international classification standards (ISO 6707, Uniclass 2015, OmniClass, MasterFormat)."
MEP - Plumbing & Sanitary,Pumps & Accessories,Globe Valve,Globe Valve - 100mm,each,,plumbing;valve,"Derived from common Singapore practice (BCA CDE Data Standard, iNPQS references) and international classification standards (ISO 6707, Uniclass 2015, OmniClass, MasterFormat)."
MEP - Plumbing & Sanitary,Pumps & Accessories,Globe Valve,Globe Valve - 150mm,each,,plumbing;valve,"Derived from common Singapore practice (BCA CDE Data Standard, iNPQS references) and international classification standards (ISO 6707, Uniclass 2015, OmniClass, MasterFormat)."
MEP - Plumbing & Sanitary,Pumps & Accessories,Globe Valve,Globe Valve - 200mm,each,,plumbing;valve,"Derived from common Singapore practice (BCA CDE Data Standard, iNPQS references) and international classification standards (ISO 6707, Uniclass 2015, OmniClass, MasterFormat)."
MEP - Plumbing & Sanitary,Pumps & Accessories,Check Valve,Check Valve - 20mm,each,,plumbing;valve,"Derived from common Singapore practice (BCA CDE Data Standard, iNPQS references) and international classification standards (ISO 6707, Uniclass 2015, OmniClass, MasterFormat)."
MEP - Plumbing & Sanitary,Pumps & Accessories,Check Valve,Check Valve - 25mm,each,,plumbing;valve,"Derived from common Singapore practice (BCA CDE Data Standard, iNPQS references) and international classification standards (ISO 6707, Uniclass 2015, OmniClass, MasterFormat)."
MEP - Plumbing & Sanitary,Pumps & Accessories,Check Valve,Check Valve - 32mm,each,,plumbing;valve,"Derived from common Singapore practice (BCA CDE Data Standard, iNPQS references) and international classification standards (ISO 6707, Uniclass 2015, OmniClass, MasterFormat)."
MEP - Plumbing & Sanitary,Pumps & Accessories,Check Valve,Check Valve - 40mm,each,,plumbing;valve,"Derived from common Singapore practice (BCA CDE Data Standard, iNPQS references) and international classification standards (ISO 6707, Uniclass 2015, OmniClass, MasterFormat)."
MEP - Plumbing & Sanitary,Pumps & Accessories,Check Valve,Check Valve - 50mm,each,,plumbing;valve,"Derived from common Singapore practice (BCA CDE Data Standard, iNPQS references) and international classification standards (ISO 6707, Uniclass 2015, OmniClass, MasterFormat)."
MEP - Plumbing & Sanitary,Pumps & Accessories,Check Valve,Check Valve - 65mm,each,,plumbing;valve,"Derived from common Singapore practice (BCA CDE Data Standard, iNPQS references) and international classification standards (ISO 6707, Uniclass 2015, OmniClass, MasterFormat)."
MEP - Plumbing & Sanitary,Pumps & Accessories,Check Valve,Check Valve - 80mm,each,,plumbing;valve,"Derived from common Singapore practice (BCA CDE Data Standard, iNPQS references) and international classification standards (ISO 6707, Uniclass 2015, OmniClass, MasterFormat)."
MEP - Plumbing & Sanitary,Pumps & Accessories,Check Valve,Check Valve - 100mm,each,,plumbing;valve,"Derived from common Singapore practice (BCA CDE Data Standard, iNPQS references) and international classification standards (ISO 6707, Uniclass 2015, OmniClass, MasterFormat)."
MEP - Plumbing & Sanitary,Pumps & Accessories,Check Valve,Check Valve - 150mm,each,,plumbing;valve,"Derived from common Singapore practice (BCA CDE Data Standard, iNPQS references) and international classification standards (ISO 6707, Uniclass 2015, OmniClass, MasterFormat)."
MEP - Plumbing & Sanitary,Pumps & Accessories,Check Valve,Check Valve - 200mm,each,,plumbing;valve,"Derived from common Singapore practice (BCA CDE Data Standard, iNPQS references) and international classification standards (ISO 6707, Uniclass 2015, OmniClass, MasterFormat)."
MEP - Plumbing & Sanitary,Pumps & Accessories,Butterfly Valve,Butterfly Valve - 20mm,each,,plumbing;valve,"Derived from common Singapore practice (BCA CDE Data Standard, iNPQS references) and international classification standards (ISO 6707, Uniclass 2015, OmniClass, MasterFormat)."
MEP - Plumbing & Sanitary,Pumps & Accessories,Butterfly Valve,Butterfly Valve - 25mm,each,,plumbing;valve,"Derived from common Singapore practice (BCA CDE Data Standard, iNPQS references) and international classification standards (ISO 6707, Uniclass 2015, OmniClass, MasterFormat)."
MEP - Plumbing & Sanitary,Pumps & Accessories,Butterfly Valve,Butterfly Valve - 32mm,each,,plumbing;valve,"Derived from common Singapore practice (BCA CDE Data Standard, iNPQS references) and international classification standards (ISO 6707, Uniclass 2015, OmniClass, MasterFormat)."
MEP - Plumbing & Sanitary,Pumps & Accessories,Butterfly Valve,Butterfly Valve - 40mm,each,,plumbing;valve,"Derived from common Singapore practice (BCA CDE Data Standard, iNPQS references) and international classification standards (ISO 6707, Uniclass 2015, OmniClass, MasterFormat)."
MEP - Plumbing & Sanitary,Pumps & Accessories,Butterfly Valve,Butterfly Valve - 50mm,each,,plumbing;valve,"Derived from common Singapore practice (BCA CDE Data Standard, iNPQS references) and international classification standards (ISO 6707, Uniclass 2015, OmniClass, MasterFormat)."
MEP - Plumbing & Sanitary,Pumps & Accessories,Butterfly Valve,Butterfly Valve - 65mm,each,,plumbing;valve,"Derived from common Singapore practice (BCA CDE Data Standard, iNPQS references) and international classification standards (ISO 6707, Uniclass 2015, OmniClass, MasterFormat)."
MEP - Plumbing & Sanitary,Pumps & Accessories,Butterfly Valve,Butterfly Valve - 80mm,each,,plumbing;valve,"Derived from common Singapore practice (BCA CDE Data Standard, iNPQS references) and international classification standards (ISO 6707, Uniclass 2015, OmniClass, MasterFormat)."
MEP - Plumbing & Sanitary,Pumps & Accessories,Butterfly Valve,Butterfly Valve - 100mm,each,,plumbing;valve,"Derived from common Singapore practice (BCA CDE Data Standard, iNPQS references) and international classification standards (ISO 6707, Uniclass 2015, OmniClass, MasterFormat)."
MEP - Plumbing & Sanitary,Pumps & Accessories,Butterfly Valve,Butterfly Valve - 150mm,each,,plumbing;valve,"Derived from common Singapore practice (BCA CDE Data Standard, iNPQS references) and international classification standards (ISO 6707, Uniclass 2015, OmniClass, MasterFormat)."
MEP - Plumbing & Sanitary,Pumps & Accessories,Butterfly Valve,Butterfly Valve - 200mm,each,,plumbing;valve,"Derived from common Singapore practice (BCA CDE Data Standard, iNPQS references) and international classification standards (ISO 6707, Uniclass 2015, OmniClass, MasterFormat)."
MEP - Electrical,Cables & Wires,Copper Cable 1C,Copper Cable 1C - 1.5sqmm,meter,,electrical;cable,"Derived from common Singapore practice (BCA CDE Data Standard, iNPQS references) and international classification standards (ISO 6707, Uniclass 2015, OmniClass, MasterFormat)."
MEP - Electrical,Cables & Wires,Copper Cable 1C,Copper Cable 1C - 2.5sqmm,meter,,electrical;cable,"Derived from common Singapore practice (BCA CDE Data Standard, iNPQS references) and international classification standards (ISO 6707, Uniclass 2015, OmniClass, MasterFormat)."
MEP - Electrical,Cables & Wires,Copper Cable 1C,Copper Cable 1C - 4sqmm,meter,,electrical;cable,"Derived from common Singapore practice (BCA CDE Data Standard, iNPQS references) and international classification standards (ISO 6707, Uniclass 2015, OmniClass, MasterFormat)."
MEP - Electrical,Cables & Wires,Copper Cable 1C,Copper Cable 1C - 6sqmm,meter,,electrical;cable,"Derived from common Singapore practice (BCA CDE Data Standard, iNPQS references) and international classification standards (ISO 6707, Uniclass 2015, OmniClass, MasterFormat)."
MEP - Electrical,Cables & Wires,Copper Cable 1C,Copper Cable 1C - 10sqmm,meter,,electrical;cable,"Derived from common Singapore practice (BCA CDE Data Standard, iNPQS references) and international classification standards (ISO 6707, Uniclass 2015, OmniClass, MasterFormat)."
MEP - Electrical,Cables & Wires,Copper Cable 1C,Copper Cable 1C - 16sqmm,meter,,electrical;cable,"Derived from common Singapore practice (BCA CDE Data Standard, iNPQS references) and international classification standards (ISO 6707, Uniclass 2015, OmniClass, MasterFormat)."
MEP - Electrical,Cables & Wires,Copper Cable 1C,Copper Cable 1C - 25sqmm,meter,,electrical;cable,"Derived from common Singapore practice (BCA CDE Data Standard, iNPQS references) and international classification standards (ISO 6707, Uniclass 2015, OmniClass, MasterFormat)."
MEP - Electrical,Cables & Wires,Copper Cable 1C,Copper Cable 1C - 35sqmm,meter,,electrical;cable,"Derived from common Singapore practice (BCA CDE Data Standard, iNPQS references) and international classification standards (ISO 6707, Uniclass 2015, OmniClass, MasterFormat)."
MEP - Electrical,Cables & Wires,Copper Cable 1C,Copper Cable 1C - 50sqmm,meter,,electrical;cable,"Derived from common Singapore practice (BCA CDE Data Standard, iNPQS references) and international classification standards (ISO 6707, Uniclass 2015, OmniClass, MasterFormat)."
MEP - Electrical,Cables & Wires,Copper Cable 1C,Copper Cable 1C - 70sqmm,meter,,electrical;cable,"Derived from common Singapore practice (BCA CDE Data Standard, iNPQS references) and international classification standards (ISO 6707, Uniclass 2015, OmniClass, MasterFormat)."
MEP - Electrical,Cables & Wires,Copper Cable 1C,Copper Cable 1C - 95sqmm,meter,,electrical;cable,"Derived from common Singapore practice (BCA CDE Data Standard, iNPQS references) and international classification standards (ISO 6707, Uniclass 2015, OmniClass, MasterFormat)."
MEP - Electrical,Cables & Wires,Copper Cable 1C,Copper Cable 1C - 120sqmm,meter,,electrical;cable,"Derived from common Singapore practice (BCA CDE Data Standard, iNPQS references) and international classification standards (ISO 6707, Uniclass 2015, OmniClass, MasterFormat)."
MEP - Electrical,Cables & Wires,Copper Cable 2C,Copper Cable 2C - 1.5sqmm,meter,,electrical;cable,"Derived from common Singapore practice (BCA CDE Data Standard, iNPQS references) and international classification standards (ISO 6707, Uniclass 2015, OmniClass, MasterFormat)."
MEP - Electrical,Cables & Wires,Copper Cable 2C,Copper Cable 2C - 2.5sqmm,meter,,electrical;cable,"Derived from common Singapore practice (BCA CDE Data Standard, iNPQS references) and international classification standards (ISO 6707, Uniclass 2015, OmniClass, MasterFormat)."
MEP - Electrical,Cables & Wires,Copper Cable 2C,Copper Cable 2C - 4sqmm,meter,,electrical;cable,"Derived from common Singapore practice (BCA CDE Data Standard, iNPQS references) and international classification standards (ISO 6707, Uniclass 2015, OmniClass, MasterFormat)."
MEP - Electrical,Cables & Wires,Copper Cable 2C,Copper Cable 2C - 6sqmm,meter,,electrical;cable,"Derived from common Singapore practice (BCA CDE Data Standard, iNPQS references) and international classification standards (ISO 6707, Uniclass 2015, OmniClass, MasterFormat)."
MEP - Electrical,Cables & Wires,Copper Cable 2C,Copper Cable 2C - 10sqmm,meter,,electrical;cable,"Derived from common Singapore practice (BCA CDE Data Standard, iNPQS references) and international classification standards (ISO 6707, Uniclass 2015, OmniClass, MasterFormat)."
MEP - Electrical,Cables & Wires,Copper Cable 2C,Copper Cable 2C - 16sqmm,meter,,electrical;cable,"Derived from common Singapore practice (BCA CDE Data Standard, iNPQS references) and international classification standards (ISO 6707, Uniclass 2015, OmniClass, MasterFormat)."
MEP - Electrical,Cables & Wires,Copper Cable 2C,Copper Cable 2C - 25sqmm,meter,,electrical;cable,"Derived from common Singapore practice (BCA CDE Data Standard, iNPQS references) and international classification standards (ISO 6707, Uniclass 2015, OmniClass, MasterFormat)."
MEP - Electrical,Cables & Wires,Copper Cable 2C,Copper Cable 2C - 35sqmm,meter,,electrical;cable,"Derived from common Singapore practice (BCA CDE Data Standard, iNPQS references) and international classification standards (ISO 6707, Uniclass 2015, OmniClass, MasterFormat)."
MEP - Electrical,Cables & Wires,Copper Cable 2C,Copper Cable 2C - 50sqmm,meter,,electrical;cable,"Derived from common Singapore practice (BCA CDE Data Standard, iNPQS references) and international classification standards (ISO 6707, Uniclass 2015, OmniClass, MasterFormat)."
MEP - Electrical,Cables & Wires,Copper Cable 2C,Copper Cable 2C - 70sqmm,meter,,electrical;cable,"Derived from common Singapore practice (BCA CDE Data Standard, iNPQS references) and international classification standards (ISO 6707, Uniclass 2015, OmniClass, MasterFormat)."
MEP - Electrical,Cables & Wires,Copper Cable 2C,Copper Cable 2C - 95sqmm,meter,,electrical;cable,"Derived from common Singapore practice (BCA CDE Data Standard, iNPQS references) and international classification standards (ISO 6707, Uniclass 2015, OmniClass, MasterFormat)."
MEP - Electrical,Cables & Wires,Copper Cable 2C,Copper Cable 2C - 120sqmm,meter,,electrical;cable,"Derived from common Singapore practice (BCA CDE Data Standard, iNPQS references) and international classification standards (ISO 6707, Uniclass 2015, OmniClass, MasterFormat)."
MEP - Electrical,Cables & Wires,Copper Cable 3C,Copper Cable 3C - 1.5sqmm,meter,,electrical;cable,"Derived from common Singapore practice (BCA CDE Data Standard, iNPQS references) and international classification standards (ISO 6707, Uniclass 2015, OmniClass, MasterFormat)."
MEP - Electrical,Cables & Wires,Copper Cable 3C,Copper Cable 3C - 2.5sqmm,meter,,electrical;cable,"Derived from common Singapore practice (BCA CDE Data Standard, iNPQS references) and international classification standards (ISO 6707, Uniclass 2015, OmniClass, MasterFormat)."
MEP - Electrical,Cables & Wires,Copper Cable 3C,Copper Cable 3C - 4sqmm,meter,,electrical;cable,"Derived from common Singapore practice (BCA CDE Data Standard, iNPQS references) and international classification standards (ISO 6707, Uniclass 2015, OmniClass, MasterFormat)."
MEP - Electrical,Cables & Wires,Copper Cable 3C,Copper Cable 3C - 6sqmm,meter,,electrical;cable,"Derived from common Singapore practice (BCA CDE Data Standard, iNPQS references) and international classification standards (ISO 6707, Uniclass 2015, OmniClass, MasterFormat)."
MEP - Electrical,Cables & Wires,Copper Cable 3C,Copper Cable 3C - 10sqmm,meter,,electrical;cable,"Derived from common Singapore practice (BCA CDE Data Standard, iNPQS references) and international classification standards (ISO 6707, Uniclass 2015, OmniClass, MasterFormat)."
MEP - Electrical,Cables & Wires,Copper Cable 3C,Copper Cable 3C - 16sqmm,meter,,electrical;cable,"Derived from common Singapore practice (BCA CDE Data Standard, iNPQS references) and international classification standards (ISO 6707, Uniclass 2015, OmniClass, MasterFormat)."
MEP - Electrical,Cables & Wires,Copper Cable 3C,Copper Cable 3C - 25sqmm,meter,,electrical;cable,"Derived from common Singapore practice (BCA CDE Data Standard, iNPQS references) and international classification standards (ISO 6707, Uniclass 2015, OmniClass, MasterFormat)."
MEP - Electrical,Cables & Wires,Copper Cable 3C,Copper Cable 3C - 35sqmm,meter,,electrical;cable,"Derived from common Singapore practice (BCA CDE Data Standard, iNPQS references) and international classification standards (ISO 6707, Uniclass 2015, OmniClass, MasterFormat)."
MEP - Electrical,Cables & Wires,Copper Cable 3C,Copper Cable 3C - 50sqmm,meter,,electrical;cable,"Derived from common Singapore practice (BCA CDE Data Standard, iNPQS references) and international classification standards (ISO 6707, Uniclass 2015, OmniClass, MasterFormat)."
MEP - Electrical,Cables & Wires,Copper Cable 3C,Copper Cable 3C - 70sqmm,meter,,electrical;cable,"Derived from common Singapore practice (BCA CDE Data Standard, iNPQS references) and international classification standards (ISO 6707, Uniclass 2015, OmniClass, MasterFormat)."
MEP - Electrical,Cables & Wires,Copper Cable 3C,Copper Cable 3C - 95sqmm,meter,,electrical;cable,"Derived from common Singapore practice (BCA CDE Data Standard, iNPQS references) and international classification standards (ISO 6707, Uniclass 2015, OmniClass, MasterFormat)."
MEP - Electrical,Cables & Wires,Copper Cable 3C,Copper Cable 3C - 120sqmm,meter,,electrical;cable,"Derived from common Singapore practice (BCA CDE Data Standard, iNPQS references) and international classification standards (ISO 6707, Uniclass 2015, OmniClass, MasterFormat)."
MEP - Electrical,Cables & Wires,Copper Cable 4C,Copper Cable 4C - 1.5sqmm,meter,,electrical;cable,"Derived from common Singapore practice (BCA CDE Data Standard, iNPQS references) and international classification standards (ISO 6707, Uniclass 2015, OmniClass, MasterFormat)."
MEP - Electrical,Cables & Wires,Copper Cable 4C,Copper Cable 4C - 2.5sqmm,meter,,electrical;cable,"Derived from common Singapore practice (BCA CDE Data Standard, iNPQS references) and international classification standards (ISO 6707, Uniclass 2015, OmniClass, MasterFormat)."
MEP - Electrical,Cables & Wires,Copper Cable 4C,Copper Cable 4C - 4sqmm,meter,,electrical;cable,"Derived from common Singapore practice (BCA CDE Data Standard, iNPQS references) and international classification standards (ISO 6707, Uniclass 2015, OmniClass, MasterFormat)."
MEP - Electrical,Cables & Wires,Copper Cable 4C,Copper Cable 4C - 6sqmm,meter,,electrical;cable,"Derived from common Singapore practice (BCA CDE Data Standard, iNPQS references) and international classification standards (ISO 6707, Uniclass 2015, OmniClass, MasterFormat)."
MEP - Electrical,Cables & Wires,Copper Cable 4C,Copper Cable 4C - 10sqmm,meter,,electrical;cable,"Derived from common Singapore practice (BCA CDE Data Standard, iNPQS references) and international classification standards (ISO 6707, Uniclass 2015, OmniClass, MasterFormat)."
MEP - Electrical,Cables & Wires,Copper Cable 4C,Copper Cable 4C - 16sqmm,meter,,electrical;cable,"Derived from common Singapore practice (BCA CDE Data Standard, iNPQS references) and international classification standards (ISO 6707, Uniclass 2015, OmniClass, MasterFormat)."
MEP - Electrical,Cables & Wires,Copper Cable 4C,Copper Cable 4C - 25sqmm,meter,,electrical;cable,"Derived from common Singapore practice (BCA CDE Data Standard, iNPQS references) and international classification standards (ISO 6707, Uniclass 2015, OmniClass, MasterFormat)."
MEP - Electrical,Cables & Wires,Copper Cable 4C,Copper Cable 4C - 35sqmm,meter,,electrical;cable,"Derived from common Singapore practice (BCA CDE Data Standard, iNPQS references) and international classification standards (ISO 6707, Uniclass 2015, OmniClass, MasterFormat)."
MEP - Electrical,Cables & Wires,Copper Cable 4C,Copper Cable 4C - 50sqmm,meter,,electrical;cable,"Derived from common Singapore practice (BCA CDE Data Standard, iNPQS references) and international classification standards (ISO 6707, Uniclass 2015, OmniClass, MasterFormat)."
MEP - Electrical,Cables & Wires,Copper Cable 4C,Copper Cable 4C - 70sqmm,meter,,electrical;cable,"Derived from common Singapore practice (BCA CDE Data Standard, iNPQS references) and international classification standards (ISO 6707, Uniclass 2015, OmniClass, MasterFormat)."
MEP - Electrical,Cables & Wires,Copper Cable 4C,Copper Cable 4C - 95sqmm,meter,,electrical;cable,"Derived from common Singapore practice (BCA CDE Data Standard, iNPQS references) and international classification standards (ISO 6707, Uniclass 2015, OmniClass, MasterFormat)."
MEP - Electrical,Cables & Wires,Copper Cable 4C,Copper Cable 4C - 120sqmm,meter,,electrical;cable,"Derived from common Singapore practice (BCA CDE Data Standard, iNPQS references) and international classification standards (ISO 6707, Uniclass 2015, OmniClass, MasterFormat)."
MEP - Electrical,Conduits & Trunking,Cable Tray Cover,Cable Tray Cover - 100mm,meter,,electrical;tray,"Derived from common Singapore practice (BCA CDE Data Standard, iNPQS references) and international classification standards (ISO 6707, Uniclass 2015, OmniClass, MasterFormat)."
MEP - Electrical,Conduits & Trunking,Cable Tray Cover,Cable Tray Cover - 150mm,meter,,electrical;tray,"Derived from common Singapore practice (BCA CDE Data Standard, iNPQS references) and international classification standards (ISO 6707, Uniclass 2015, OmniClass, MasterFormat)."
MEP - Electrical,Conduits & Trunking,Cable Tray Cover,Cable Tray Cover - 200mm,meter,,electrical;tray,"Derived from common Singapore practice (BCA CDE Data Standard, iNPQS references) and international classification standards (ISO 6707, Uniclass 2015, OmniClass, MasterFormat)."
MEP - Electrical,Conduits & Trunking,Cable Tray Cover,Cable Tray Cover - 300mm,meter,,electrical;tray,"Derived from common Singapore practice (BCA CDE Data Standard, iNPQS references) and international classification standards (ISO 6707, Uniclass 2015, OmniClass, MasterFormat)."
MEP - Electrical,Conduits & Trunking,Cable Tray Cover,Cable Tray Cover - 450mm,meter,,electrical;tray,"Derived from common Singapore practice (BCA CDE Data Standard, iNPQS references) and international classification standards (ISO 6707, Uniclass 2015, OmniClass, MasterFormat)."
MEP - Electrical,Conduits & Trunking,Cable Tray Cover,Cable Tray Cover - 600mm,meter,,electrical;tray,"Derived from common Singapore practice (BCA CDE Data Standard, iNPQS references) and international classification standards (ISO 6707, Uniclass 2015, OmniClass, MasterFormat)."
Architectural Finishes,Wall & Ceiling,Aluminum Composite Panel,Aluminum Composite Panel - 3mm,square_meter,,finishes;cladding,"Derived from common Singapore practice (BCA CDE Data Standard, iNPQS references) and international classification standards (ISO 6707, Uniclass 2015, OmniClass, MasterFormat)."
Architectural Finishes,Wall & Ceiling,Aluminum Composite Panel,Aluminum Composite Panel - 4mm,square_meter,,finishes;cladding,"Derived from common Singapore practice (BCA CDE Data Standard, iNPQS references) and international classification standards (ISO 6707, Uniclass 2015, OmniClass, MasterFormat)."
Architectural Finishes,Wall & Ceiling,Aluminum Composite Panel,Aluminum Composite Panel - 5mm,square_meter,,finishes;cladding,"Derived from common Singapore practice (BCA CDE Data Standard, iNPQS references) and international classification standards (ISO 6707, Uniclass 2015, OmniClass, MasterFormat)."
Architectural Finishes,Floor Finishes,Stone Tile,Stone Tile - 300x300,square_meter,,finishes;tile,"Derived from common Singapore practice (BCA CDE Data Standard, iNPQS references) and international classification standards (ISO 6707, Uniclass 2015, OmniClass, MasterFormat)."
Architectural Finishes,Floor Finishes,Stone Tile,Stone Tile - 600x300,square_meter,,finishes;tile,"Derived from common Singapore practice (BCA CDE Data Standard, iNPQS references) and international classification standards (ISO 6707, Uniclass 2015, OmniClass, MasterFormat)."
Architectural Finishes,Floor Finishes,Stone Tile,Stone Tile - 600x600,square_meter,,finishes;tile,"Derived from common Singapore practice (BCA CDE Data Standard, iNPQS references) and international classification standards (ISO 6707, Uniclass 2015, OmniClass, MasterFormat)."
External Works & Roads,Drainage,Galvanized Steel Grating,Galvanized Steel Grating - 25x3,square_meter,,drainage,"Derived from common Singapore practice (BCA CDE Data Standard, iNPQS references) and international classification standards (ISO 6707, Uniclass 2015, OmniClass, MasterFormat)."
External Works & Roads,Drainage,Galvanized Steel Grating,Galvanized Steel Grating - 30x3,square_meter,,drainage,"Derived from common Singapore practice (BCA CDE Data Standard, iNPQS references) and international classification standards (ISO 6707, Uniclass 2015, OmniClass, MasterFormat)."
External Works & Roads,Drainage,Galvanized Steel Grating,Galvanized Steel Grating - 40x5,square_meter,,drainage,"Derived from common Singapore practice (BCA CDE Data Standard, iNPQS references) and international classification standards (ISO 6707, Uniclass 2015, OmniClass, MasterFormat)."
MEP - Electrical,Conduits & Trunking,PVC Conduit Coupling,PVC Conduit Coupling - 20mm,each,,electrical;conduit,"Derived from common Singapore practice (BCA CDE Data Standard, iNPQS references) and international classification standards (ISO 6707, Uniclass 2015, OmniClass, MasterFormat)."
MEP - Electrical,Conduits & Trunking,PVC Conduit Coupling,PVC Conduit Coupling - 25mm,each,,electrical;conduit,"Derived from common Singapore practice (BCA CDE Data Standard, iNPQS references) and international classification standards (ISO 6707, Uniclass 2015, OmniClass, MasterFormat)."
MEP - Electrical,Conduits & Trunking,PVC Conduit Coupling,PVC Conduit Coupling - 32mm,each,,electrical;conduit,"Derived from common Singapore practice (BCA CDE Data Standard, iNPQS references) and international classification standards (ISO 6707, Uniclass 2015, OmniClass, MasterFormat)."
MEP - Electrical,Conduits & Trunking,PVC Conduit Coupling,PVC Conduit Coupling - 40mm,each,,electrical;conduit,"Derived from common Singapore practice (BCA CDE Data Standard, iNPQS references) and international classification standards (ISO 6707, Uniclass 2015, OmniClass, MasterFormat)."
MEP - Electrical,Conduits & Trunking,PVC Conduit Coupling,PVC Conduit Coupling - 50mm,each,,electrical;conduit,"Derived from common Singapore practice (BCA CDE Data Standard, iNPQS references) and international classification standards (ISO 6707, Uniclass 2015, OmniClass, MasterFormat)."
MEP - Electrical,Conduits & Trunking,PVC Conduit Bend,PVC Conduit Bend - 20mm,each,,electrical;conduit,"Derived from common Singapore practice (BCA CDE Data Standard, iNPQS references) and international classification standards (ISO 6707, Uniclass 2015, OmniClass, MasterFormat)."
MEP - Electrical,Conduits & Trunking,PVC Conduit Bend,PVC Conduit Bend - 25mm,each,,electrical;conduit,"Derived from common Singapore practice (BCA CDE Data Standard, iNPQS references) and international classification standards (ISO 6707, Uniclass 2015, OmniClass, MasterFormat)."
MEP - Electrical,Conduits & Trunking,PVC Conduit Bend,PVC Conduit Bend - 32mm,each,,electrical;conduit,"Derived from common Singapore practice (BCA CDE Data Standard, iNPQS references) and international classification standards (ISO 6707, Uniclass 2015, OmniClass, MasterFormat)."
MEP - Electrical,Conduits & Trunking,PVC Conduit Bend,PVC Conduit Bend - 40mm,each,,electrical;conduit,"Derived from common Singapore practice (BCA CDE Data Standard, iNPQS references) and international classification standards (ISO 6707, Uniclass 2015, OmniClass, MasterFormat)."
MEP - Electrical,Conduits & Trunking,PVC Conduit Bend,PVC Conduit Bend - 50mm,each,,electrical;conduit,"Derived from common Singapore practice (BCA CDE Data Standard, iNPQS references) and international classification standards (ISO 6707, Uniclass 2015, OmniClass, MasterFormat)."
MEP - Electrical,Conduits & Trunking,PVC Conduit Junction Box,PVC Conduit Junction Box - 20mm,each,,electrical;conduit,"Derived from common Singapore practice (BCA CDE Data Standard, iNPQS references) and international classification standards (ISO 6707, Uniclass 2015, OmniClass, MasterFormat)."
MEP - Electrical,Conduits & Trunking,PVC Conduit Junction Box,PVC Conduit Junction Box - 25mm,each,,electrical;conduit,"Derived from common Singapore practice (BCA CDE Data Standard, iNPQS references) and international classification standards (ISO 6707, Uniclass 2015, OmniClass, MasterFormat)."
MEP - Electrical,Conduits & Trunking,PVC Conduit Junction Box,PVC Conduit Junction Box - 32mm,each,,electrical;conduit,"Derived from common Singapore practice (BCA CDE Data Standard, iNPQS references) and international classification standards (ISO 6707, Uniclass 2015, OmniClass, MasterFormat)."
MEP - Electrical,Conduits & Trunking,PVC Conduit Junction Box,PVC Conduit Junction Box - 40mm,each,,electrical;conduit,"Derived from common Singapore practice (BCA CDE Data Standard, iNPQS references) and international classification standards (ISO 6707, Uniclass 2015, OmniClass, MasterFormat)."
MEP - Electrical,Conduits & Trunking,PVC Conduit Junction Box,PVC Conduit Junction Box - 50mm,each,,electrical;conduit,"Derived from common Singapore practice (BCA CDE Data Standard, iNPQS references) and international classification standards (ISO 6707, Uniclass 2015, OmniClass, MasterFormat)."
MEP - Electrical,Conduits & Trunking,PVC Conduit Saddle,PVC Conduit Saddle - 20mm,each,,electrical;conduit,"Derived from common Singapore practice (BCA CDE Data Standard, iNPQS references) and international classification standards (ISO 6707, Uniclass 2015, OmniClass, MasterFormat)."
MEP - Electrical,Conduits & Trunking,PVC Conduit Saddle,PVC Conduit Saddle - 25mm,each,,electrical;conduit,"Derived from common Singapore practice (BCA CDE Data Standard, iNPQS references) and international classification standards (ISO 6707, Uniclass 2015, OmniClass, MasterFormat)."
MEP - Electrical,Conduits & Trunking,PVC Conduit Saddle,PVC Conduit Saddle - 32mm,each,,electrical;conduit,"Derived from common Singapore practice (BCA CDE Data Standard, iNPQS references) and international classification standards (ISO 6707, Uniclass 2015, OmniClass, MasterFormat)."
MEP - Electrical,Conduits & Trunking,PVC Conduit Saddle,PVC Conduit Saddle - 40mm,each,,electrical;conduit,"Derived from common Singapore practice (BCA CDE Data Standard, iNPQS references) and international classification standards (ISO 6707, Uniclass 2015, OmniClass, MasterFormat)."
MEP - Electrical,Conduits & Trunking,PVC Conduit Saddle,PVC Conduit Saddle - 50mm,each,,electrical;conduit,"Derived from common Singapore practice (BCA CDE Data Standard, iNPQS references) and international classification standards (ISO 6707, Uniclass 2015, OmniClass, MasterFormat)."
MEP - Electrical,Conduits & Trunking,GI Conduit Coupling,GI Conduit Coupling - 20mm,each,,electrical;conduit,"Derived from common Singapore practice (BCA CDE Data Standard, iNPQS references) and international classification standards (ISO 6707, Uniclass 2015, OmniClass, MasterFormat)."
MEP - Electrical,Conduits & Trunking,GI Conduit Coupling,GI Conduit Coupling - 25mm,each,,electrical;conduit,"Derived from common Singapore practice (BCA CDE Data Standard, iNPQS references) and international classification standards (ISO 6707, Uniclass 2015, OmniClass, MasterFormat)."
MEP - Electrical,Conduits & Trunking,GI Conduit Coupling,GI Conduit Coupling - 32mm,each,,electrical;conduit,"Derived from common Singapore practice (BCA CDE Data Standard, iNPQS references) and international classification standards (ISO 6707, Uniclass 2015, OmniClass, MasterFormat)."
MEP - Electrical,Conduits & Trunking,GI Conduit Coupling,GI Conduit Coupling - 40mm,each,,electrical;conduit,"Derived from common Singapore practice (BCA CDE Data Standard, iNPQS references) and international classification standards (ISO 6707, Uniclass 2015, OmniClass, MasterFormat)."
MEP - Electrical,Conduits & Trunking,GI Conduit Coupling,GI Conduit Coupling - 50mm,each,,electrical;conduit,"Derived from common Singapore practice (BCA CDE Data Standard, iNPQS references) and international classification standards (ISO 6707, Uniclass 2015, OmniClass, MasterFormat)."
MEP - Electrical,Conduits & Trunking,GI Conduit Bend,GI Conduit Bend - 20mm,each,,electrical;conduit,"Derived from common Singapore practice (BCA CDE Data Standard, iNPQS references) and international classification standards (ISO 6707, Uniclass 2015, OmniClass, MasterFormat)."
MEP - Electrical,Conduits & Trunking,GI Conduit Bend,GI Conduit Bend - 25mm,each,,electrical;conduit,"Derived from common Singapore practice (BCA CDE Data Standard, iNPQS references) and international classification standards (ISO 6707, Uniclass 2015, OmniClass, MasterFormat)."
MEP - Electrical,Conduits & Trunking,GI Conduit Bend,GI Conduit Bend - 32mm,each,,electrical;conduit,"Derived from common Singapore practice (BCA CDE Data Standard, iNPQS references) and international classification standards (ISO 6707, Uniclass 2015, OmniClass, MasterFormat)."
MEP - Electrical,Conduits & Trunking,GI Conduit Bend,GI Conduit Bend - 40mm,each,,electrical;conduit,"Derived from common Singapore practice (BCA CDE Data Standard, iNPQS references) and international classification standards (ISO 6707, Uniclass 2015, OmniClass, MasterFormat)."
MEP - Electrical,Conduits & Trunking,GI Conduit Bend,GI Conduit Bend - 50mm,each,,electrical;conduit,"Derived from common Singapore practice (BCA CDE Data Standard, iNPQS references) and international classification standards (ISO 6707, Uniclass 2015, OmniClass, MasterFormat)."
MEP - Electrical,Conduits & Trunking,GI Conduit Junction Box,GI Conduit Junction Box - 20mm,each,,electrical;conduit,"Derived from common Singapore practice (BCA CDE Data Standard, iNPQS references) and international classification standards (ISO 6707, Uniclass 2015, OmniClass, MasterFormat)."
MEP - Electrical,Conduits & Trunking,GI Conduit Junction Box,GI Conduit Junction Box - 25mm,each,,electrical;conduit,"Derived from common Singapore practice (BCA CDE Data Standard, iNPQS references) and international classification standards (ISO 6707, Uniclass 2015, OmniClass, MasterFormat)."
MEP - Electrical,Conduits & Trunking,GI Conduit Junction Box,GI Conduit Junction Box - 32mm,each,,electrical;conduit,"Derived from common Singapore practice (BCA CDE Data Standard, iNPQS references) and international classification standards (ISO 6707, Uniclass 2015, OmniClass, MasterFormat)."
MEP - Electrical,Conduits & Trunking,GI Conduit Junction Box,GI Conduit Junction Box - 40mm,each,,electrical;conduit,"Derived from common Singapore practice (BCA CDE Data Standard, iNPQS references) and international classification standards (ISO 6707, Uniclass 2015, OmniClass, MasterFormat)."
MEP - Electrical,Conduits & Trunking,GI Conduit Junction Box,GI Conduit Junction Box - 50mm,each,,electrical;conduit,"Derived from common Singapore practice (BCA CDE Data Standard, iNPQS references) and international classification standards (ISO 6707, Uniclass 2015, OmniClass, MasterFormat)."
MEP - Electrical,Conduits & Trunking,GI Conduit Saddle,GI Conduit Saddle - 20mm,each,,electrical;conduit,"Derived from common Singapore practice (BCA CDE Data Standard, iNPQS references) and international classification standards (ISO 6707, Uniclass 2015, OmniClass, MasterFormat)."
MEP - Electrical,Conduits & Trunking,GI Conduit Saddle,GI Conduit Saddle - 25mm,each,,electrical;conduit,"Derived from common Singapore practice (BCA CDE Data Standard, iNPQS references) and international classification standards (ISO 6707, Uniclass 2015, OmniClass, MasterFormat)."
MEP - Electrical,Conduits & Trunking,GI Conduit Saddle,GI Conduit Saddle - 32mm,each,,electrical;conduit,"Derived from common Singapore practice (BCA CDE Data Standard, iNPQS references) and international classification standards (ISO 6707, Uniclass 2015, OmniClass, MasterFormat)."
MEP - Electrical,Conduits & Trunking,GI Conduit Saddle,GI Conduit Saddle - 40mm,each,,electrical;conduit,"Derived from common Singapore practice (BCA CDE Data Standard, iNPQS references) and international classification standards (ISO 6707, Uniclass 2015, OmniClass, MasterFormat)."
MEP - Electrical,Conduits & Trunking,GI Conduit Saddle,GI Conduit Saddle - 50mm,each,,electrical;conduit,"Derived from common Singapore practice (BCA CDE Data Standard, iNPQS references) and international classification standards (ISO 6707, Uniclass 2015, OmniClass, MasterFormat)."
Architectural Finishes,Floor Finishes,Ceramic Tile,Ceramic Tile - 100x100,square_meter,,finishes;tile,"Derived from common Singapore practice (BCA CDE Data Standard, iNPQS references) and international classification standards (ISO 6707, Uniclass 2015, OmniClass, MasterFormat)."
Architectural Finishes,Floor Finishes,Ceramic Tile,Ceramic Tile - 150x150,square_meter,,finishes;tile,"Derived from common Singapore practice (BCA CDE Data Standard, iNPQS references) and international classification standards (ISO 6707, Uniclass 2015, OmniClass, MasterFormat)."
Architectural Finishes,Floor Finishes,Ceramic Tile,Ceramic Tile - 200x200,square_meter,,finishes;tile,"Derived from common Singapore practice (BCA CDE Data Standard, iNPQS references) and international classification standards (ISO 6707, Uniclass 2015, OmniClass, MasterFormat)."
Architectural Finishes,Floor Finishes,Ceramic Tile,Ceramic Tile - 300x300,square_meter,,finishes;tile,"Derived from common Singapore practice (BCA CDE Data Standard, iNPQS references) and international classification standards (ISO 6707, Uniclass 2015, OmniClass, MasterFormat)."
Architectural Finishes,Floor Finishes,Ceramic Tile,Ceramic Tile - 300x600,square_meter,,finishes;tile,"Derived from common Singapore practice (BCA CDE Data Standard, iNPQS references) and international classification standards (ISO 6707, Uniclass 2015, OmniClass, MasterFormat)."
Architectural Finishes,Floor Finishes,Ceramic Tile,Ceramic Tile - 400x400,square_meter,,finishes;tile,"Derived from common Singapore practice (BCA CDE Data Standard, iNPQS references) and international classification standards (ISO 6707, Uniclass 2015, OmniClass, MasterFormat)."
Architectural Finishes,Floor Finishes,Ceramic Tile,Ceramic Tile - 450x450,square_meter,,finishes;tile,"Derived from common Singapore practice (BCA CDE Data Standard, iNPQS references) and international classification standards (ISO 6707, Uniclass 2015, OmniClass, MasterFormat)."
Architectural Finishes,Floor Finishes,Ceramic Tile,Ceramic Tile - 600x600,square_meter,,finishes;tile,"Derived from common Singapore practice (BCA CDE Data Standard, iNPQS references) and international classification standards (ISO 6707, Uniclass 2015, OmniClass, MasterFormat)."
Architectural Finishes,Floor Finishes,Ceramic Tile,Ceramic Tile - 600x1200,square_meter,,finishes;tile,"Derived from common Singapore practice (BCA CDE Data Standard, iNPQS references) and international classification standards (ISO 6707, Uniclass 2015, OmniClass, MasterFormat)."
Architectural Finishes,Floor Finishes,Ceramic Tile,Ceramic Tile - 800x800,square_meter,,finishes;tile,"Derived from common Singapore practice (BCA CDE Data Standard, iNPQS references) and international classification standards (ISO 6707, Uniclass 2015, OmniClass, MasterFormat)."
Architectural Finishes,Floor Finishes,Ceramic Tile,Ceramic Tile - 100x200,square_meter,,finishes;tile,"Derived from common Singapore practice (BCA CDE Data Standard, iNPQS references) and international classification standards (ISO 6707, Uniclass 2015, OmniClass, MasterFormat)."
Architectural Finishes,Floor Finishes,Ceramic Tile,Ceramic Tile - 200x400,square_meter,,finishes;tile,"Derived from common Singapore practice (BCA CDE Data Standard, iNPQS references) and international classification standards (ISO 6707, Uniclass 2015, OmniClass, MasterFormat)."
Architectural Finishes,Floor Finishes,Porcelain Tile,Porcelain Tile - 100x100,square_meter,,finishes;tile,"Derived from common Singapore practice (BCA CDE Data Standard, iNPQS references) and international classification standards (ISO 6707, Uniclass 2015, OmniClass, MasterFormat)."
Architectural Finishes,Floor Finishes,Porcelain Tile,Porcelain Tile - 150x150,square_meter,,finishes;tile,"Derived from common Singapore practice (BCA CDE Data Standard, iNPQS references) and international classification standards (ISO 6707, Uniclass 2015, OmniClass, MasterFormat)."
Architectural Finishes,Floor Finishes,Porcelain Tile,Porcelain Tile - 200x200,square_meter,,finishes;tile,"Derived from common Singapore practice (BCA CDE Data Standard, iNPQS references) and international classification standards (ISO 6707, Uniclass 2015, OmniClass, MasterFormat)."
Architectural Finishes,Floor Finishes,Porcelain Tile,Porcelain Tile - 300x300,square_meter,,finishes;tile,"Derived from common Singapore practice (BCA CDE Data Standard, iNPQS references) and international classification standards (ISO 6707, Uniclass 2015, OmniClass, MasterFormat)."
Architectural Finishes,Floor Finishes,Porcelain Tile,Porcelain Tile - 300x600,square_meter,,finishes;tile,"Derived from common Singapore practice (BCA CDE Data Standard, iNPQS references) and international classification standards (ISO 6707, Uniclass 2015, OmniClass, MasterFormat)."
Architectural Finishes,Floor Finishes,Porcelain Tile,Porcelain Tile - 400x400,square_meter,,finishes;tile,"Derived from common Singapore practice (BCA CDE Data Standard, iNPQS references) and international classification standards (ISO 6707, Uniclass 2015, OmniClass, MasterFormat)."
Architectural Finishes,Floor Finishes,Porcelain Tile,Porcelain Tile - 450x450,square_meter,,finishes;tile,"Derived from common Singapore practice (BCA CDE Data Standard, iNPQS references) and international classification standards (ISO 6707, Uniclass 2015, OmniClass, MasterFormat)."
Architectural Finishes,Floor Finishes,Porcelain Tile,Porcelain Tile - 600x600,square_meter,,finishes;tile,"Derived from common Singapore practice (BCA CDE Data Standard, iNPQS references) and international classification standards (ISO 6707, Uniclass 2015, OmniClass, MasterFormat)."
Architectural Finishes,Floor Finishes,Porcelain Tile,Porcelain Tile - 600x1200,square_meter,,finishes;tile,"Derived from common Singapore practice (BCA CDE Data Standard, iNPQS references) and international classification standards (ISO 6707, Uniclass 2015, OmniClass, MasterFormat)."
Architectural Finishes,Floor Finishes,Porcelain Tile,Porcelain Tile - 800x800,square_meter,,finishes;tile,"Derived from common Singapore practice (BCA CDE Data Standard, iNPQS references) and international classification standards (ISO 6707, Uniclass 2015, OmniClass, MasterFormat)."
Architectural Finishes,Floor Finishes,Porcelain Tile,Porcelain Tile - 100x200,square_meter,,finishes;tile,"Derived from common Singapore practice (BCA CDE Data Standard, iNPQS references) and international classification standards (ISO 6707, Uniclass 2015, OmniClass, MasterFormat)."
Architectural Finishes,Floor Finishes,Porcelain Tile,Porcelain Tile - 200x400,square_meter,,finishes;tile,"Derived from common Singapore practice (BCA CDE Data Standard, iNPQS references) and international classification standards (ISO 6707, Uniclass 2015, OmniClass, MasterFormat)."
Architectural Finishes,Floor Finishes,Stone Tile,Stone Tile - 100x100,square_meter,,finishes;tile,"Derived from common Singapore practice (BCA CDE Data Standard, iNPQS references) and international classification standards (ISO 6707, Uniclass 2015, OmniClass, MasterFormat)."
Architectural Finishes,Floor Finishes,Stone Tile,Stone Tile - 150x150,square_meter,,finishes;tile,"Derived from common Singapore practice (BCA CDE Data Standard, iNPQS references) and international classification standards (ISO 6707, Uniclass 2015, OmniClass, MasterFormat)."
Architectural Finishes,Floor Finishes,Stone Tile,Stone Tile - 200x200,square_meter,,finishes;tile,"Derived from common Singapore practice (BCA CDE Data Standard, iNPQS references) and international classification standards (ISO 6707, Uniclass 2015, OmniClass, MasterFormat)."
Architectural Finishes,Floor Finishes,Stone Tile,Stone Tile - 300x300,square_meter,,finishes;tile,"Derived from common Singapore practice (BCA CDE Data Standard, iNPQS references) and international classification standards (ISO 6707, Uniclass 2015, OmniClass, MasterFormat)."
Architectural Finishes,Floor Finishes,Stone Tile,Stone Tile - 300x600,square_meter,,finishes;tile,"Derived from common Singapore practice (BCA CDE Data Standard, iNPQS references) and international classification standards (ISO 6707, Uniclass 2015, OmniClass, MasterFormat)."
Architectural Finishes,Floor Finishes,Stone Tile,Stone Tile - 400x400,square_meter,,finishes;tile,"Derived from common Singapore practice (BCA CDE Data Standard, iNPQS references) and international classification standards (ISO 6707, Uniclass 2015, OmniClass, MasterFormat)."
Architectural Finishes,Floor Finishes,Stone Tile,Stone Tile - 450x450,square_meter,,finishes;tile,"Derived from common Singapore practice (BCA CDE Data Standard, iNPQS references) and international classification standards (ISO 6707, Uniclass 2015, OmniClass, MasterFormat)."
Architectural Finishes,Floor Finishes,Stone Tile,Stone Tile - 600x600,square_meter,,finishes;tile,"Derived from common Singapore practice (BCA CDE Data Standard, iNPQS references) and international classification standards (ISO 6707, Uniclass 2015, OmniClass, MasterFormat)."
Architectural Finishes,Floor Finishes,Stone Tile,Stone Tile - 600x1200,square_meter,,finishes;tile,"Derived from common Singapore practice (BCA CDE Data Standard, iNPQS references) and international classification standards (ISO 6707, Uniclass 2015, OmniClass, MasterFormat)."
Architectural Finishes,Floor Finishes,Stone Tile,Stone Tile - 800x800,square_meter,,finishes;tile,"Derived from common Singapore practice (BCA CDE Data Standard, iNPQS references) and international classification standards (ISO 6707, Uniclass 2015, OmniClass, MasterFormat)."
Architectural Finishes,Floor Finishes,Stone Tile,Stone Tile - 100x200,square_meter,,finishes;tile,"Derived from common Singapore practice (BCA CDE Data Standard, iNPQS references) and international classification standards (ISO 6707, Uniclass 2015, OmniClass, MasterFormat)."
Architectural Finishes,Floor Finishes,Stone Tile,Stone Tile - 200x400,square_meter,,finishes;tile,"Derived from common Singapore practice (BCA CDE Data Standard, iNPQS references) and international classification standards (ISO 6707, Uniclass 2015, OmniClass, MasterFormat)."
Architectural Finishes,Floor Finishes,Mosaic Tile,Mosaic Tile - 100x100,square_meter,,finishes;tile,"Derived from common Singapore practice (BCA CDE Data Standard, iNPQS references) and international classification standards (ISO 6707, Uniclass 2015, OmniClass, MasterFormat)."
Architectural Finishes,Floor Finishes,Mosaic Tile,Mosaic Tile - 150x150,square_meter,,finishes;tile,"Derived from common Singapore practice (BCA CDE Data Standard, iNPQS references) and international classification standards (ISO 6707, Uniclass 2015, OmniClass, MasterFormat)."
Architectural Finishes,Floor Finishes,Mosaic Tile,Mosaic Tile - 200x200,square_meter,,finishes;tile,"Derived from common Singapore practice (BCA CDE Data Standard, iNPQS references) and international classification standards (ISO 6707, Uniclass 2015, OmniClass, MasterFormat)."
Architectural Finishes,Floor Finishes,Mosaic Tile,Mosaic Tile - 300x300,square_meter,,finishes;tile,"Derived from common Singapore practice (BCA CDE Data Standard, iNPQS references) and international classification standards (ISO 6707, Uniclass 2015, OmniClass, MasterFormat)."
Architectural Finishes,Floor Finishes,Mosaic Tile,Mosaic Tile - 300x600,square_meter,,finishes;tile,"Derived from common Singapore practice (BCA CDE Data Standard, iNPQS references) and international classification standards (ISO 6707, Uniclass 2015, OmniClass, MasterFormat)."
Architectural Finishes,Floor Finishes,Mosaic Tile,Mosaic Tile - 400x400,square_meter,,finishes;tile,"Derived from common Singapore practice (BCA CDE Data Standard, iNPQS references) and international classification standards (ISO 6707, Uniclass 2015, OmniClass, MasterFormat)."
Architectural Finishes,Floor Finishes,Mosaic Tile,Mosaic Tile - 450x450,square_meter,,finishes;tile,"Derived from common Singapore practice (BCA CDE Data Standard, iNPQS references) and international classification standards (ISO 6707, Uniclass 2015, OmniClass, MasterFormat)."
Architectural Finishes,Floor Finishes,Mosaic Tile,Mosaic Tile - 600x600,square_meter,,finishes;tile,"Derived from common Singapore practice (BCA CDE Data Standard, iNPQS references) and international classification standards (ISO 6707, Uniclass 2015, OmniClass, MasterFormat)."
Architectural Finishes,Floor Finishes,Mosaic Tile,Mosaic Tile - 600x1200,square_meter,,finishes;tile,"Derived from common Singapore practice (BCA CDE Data Standard, iNPQS references) and international classification standards (ISO 6707, Uniclass 2015, OmniClass, MasterFormat)."
Architectural Finishes,Floor Finishes,Mosaic Tile,Mosaic Tile - 800x800,square_meter,,finishes;tile,"Derived from common Singapore practice (BCA CDE Data Standard, iNPQS references) and international classification standards (ISO 6707, Uniclass 2015, OmniClass, MasterFormat)."
Architectural Finishes,Floor Finishes,Mosaic Tile,Mosaic Tile - 100x200,square_meter,,finishes;tile,"Derived from common Singapore practice (BCA CDE Data Standard, iNPQS references) and international classification standards (ISO 6707, Uniclass 2015, OmniClass, MasterFormat)."
Architectural Finishes,Floor Finishes,Mosaic Tile,Mosaic Tile - 200x400,square_meter,,finishes;tile,"Derived from common Singapore practice (BCA CDE Data Standard, iNPQS references) and international classification standards (ISO 6707, Uniclass 2015, OmniClass, MasterFormat)."
Structural Steel,Fasteners & Welding,Hex Bolt,Hex Bolt - M6,box,,fastener,"Derived from common Singapore practice (BCA CDE Data Standard, iNPQS references) and international classification standards (ISO 6707, Uniclass 2015, OmniClass, MasterFormat)."
Structural Steel,Fasteners & Welding,Hex Bolt,Hex Bolt - M8,box,,fastener,"Derived from common Singapore practice (BCA CDE Data Standard, iNPQS references) and international classification standards (ISO 6707, Uniclass 2015, OmniClass, MasterFormat)."
Structural Steel,Fasteners & Welding,Hex Bolt,Hex Bolt - M10,box,,fastener,"Derived from common Singapore practice (BCA CDE Data Standard, iNPQS references) and international classification standards (ISO 6707, Uniclass 2015, OmniClass, MasterFormat)."
Structural Steel,Fasteners & Welding,Hex Bolt,Hex Bolt - M12,box,,fastener,"Derived from common Singapore practice (BCA CDE Data Standard, iNPQS references) and international classification standards (ISO 6707, Uniclass 2015, OmniClass, MasterFormat)."
Structural Steel,Fasteners & Welding,Hex Bolt,Hex Bolt - M16,box,,fastener,"Derived from common Singapore practice (BCA CDE Data Standard, iNPQS references) and international classification standards (ISO 6707, Uniclass 2015, OmniClass, MasterFormat)."
Structural Steel,Fasteners & Welding,Hex Bolt,Hex Bolt - M20,box,,fastener,"Derived from common Singapore practice (BCA CDE Data Standard, iNPQS references) and international classification standards (ISO 6707, Uniclass 2015, OmniClass, MasterFormat)."
Structural Steel,Fasteners & Welding,Hex Bolt,Hex Bolt - M24,box,,fastener,"Derived from common Singapore practice (BCA CDE Data Standard, iNPQS references) and international classification standards (ISO 6707, Uniclass 2015, OmniClass, MasterFormat)."
Structural Steel,Fasteners & Welding,Hex Bolt,Hex Bolt - M30,box,,fastener,"Derived from common Singapore practice (BCA CDE Data Standard, iNPQS references) and international classification standards (ISO 6707, Uniclass 2015, OmniClass, MasterFormat)."
Structural Steel,Fasteners & Welding,Hex Nut,Hex Nut - M6,box,,fastener,"Derived from common Singapore practice (BCA CDE Data Standard, iNPQS references) and international classification standards (ISO 6707, Uniclass 2015, OmniClass, MasterFormat)."
Structural Steel,Fasteners & Welding,Hex Nut,Hex Nut - M8,box,,fastener,"Derived from common Singapore practice (BCA CDE Data Standard, iNPQS references) and international classification standards (ISO 6707, Uniclass 2015, OmniClass, MasterFormat)."
Structural Steel,Fasteners & Welding,Hex Nut,Hex Nut - M10,box,,fastener,"Derived from common Singapore practice (BCA CDE Data Standard, iNPQS references) and international classification standards (ISO 6707, Uniclass 2015, OmniClass, MasterFormat)."
Structural Steel,Fasteners & Welding,Hex Nut,Hex Nut - M12,box,,fastener,"Derived from common Singapore practice (BCA CDE Data Standard, iNPQS references) and international classification standards (ISO 6707, Uniclass 2015, OmniClass, MasterFormat)."
Structural Steel,Fasteners & Welding,Hex Nut,Hex Nut - M16,box,,fastener,"Derived from common Singapore practice (BCA CDE Data Standard, iNPQS references) and international classification standards (ISO 6707, Uniclass 2015, OmniClass, MasterFormat)."
Structural Steel,Fasteners & Welding,Hex Nut,Hex Nut - M20,box,,fastener,"Derived from common Singapore practice (BCA CDE Data Standard, iNPQS references) and international classification standards (ISO 6707, Uniclass 2015, OmniClass, MasterFormat)."
Structural Steel,Fasteners & Welding,Hex Nut,Hex Nut - M24,box,,fastener,"Derived from common Singapore practice (BCA CDE Data Standard, iNPQS references) and international classification standards (ISO 6707, Uniclass 2015, OmniClass, MasterFormat)."
Structural Steel,Fasteners & Welding,Hex Nut,Hex Nut - M30,box,,fastener,"Derived from common Singapore practice (BCA CDE Data Standard, iNPQS references) and international classification standards (ISO 6707, Uniclass 2015, OmniClass, MasterFormat)."
Structural Steel,Fasteners & Welding,Washer,Washer - M6,box,,fastener,"Derived from common Singapore practice (BCA CDE Data Standard, iNPQS references) and international classification standards (ISO 6707, Uniclass 2015, OmniClass, MasterFormat)."
Structural Steel,Fasteners & Welding,Washer,Washer - M8,box,,fastener,"Derived from common Singapore practice (BCA CDE Data Standard, iNPQS references) and international classification standards (ISO 6707, Uniclass 2015, OmniClass, MasterFormat)."
Structural Steel,Fasteners & Welding,Washer,Washer - M10,box,,fastener,"Derived from common Singapore practice (BCA CDE Data Standard, iNPQS references) and international classification standards (ISO 6707, Uniclass 2015, OmniClass, MasterFormat)."
Structural Steel,Fasteners & Welding,Washer,Washer - M12,box,,fastener,"Derived from common Singapore practice (BCA CDE Data Standard, iNPQS references) and international classification standards (ISO 6707, Uniclass 2015, OmniClass, MasterFormat)."
Structural Steel,Fasteners & Welding,Washer,Washer - M16,box,,fastener,"Derived from common Singapore practice (BCA CDE Data Standard, iNPQS references) and international classification standards (ISO 6707, Uniclass 2015, OmniClass, MasterFormat)."
Structural Steel,Fasteners & Welding,Washer,Washer - M20,box,,fastener,"Derived from common Singapore practice (BCA CDE Data Standard, iNPQS references) and international classification standards (ISO 6707, Uniclass 2015, OmniClass, MasterFormat)."
Structural Steel,Fasteners & Welding,Washer,Washer - M24,box,,fastener,"Derived from common Singapore practice (BCA CDE Data Standard, iNPQS references) and international classification standards (ISO 6707, Uniclass 2015, OmniClass, MasterFormat)."
Structural Steel,Fasteners & Welding,Washer,Washer - M30,box,,fastener,"Derived from common Singapore practice (BCA CDE Data Standard, iNPQS references) and international classification standards (ISO 6707, Uniclass 2015, OmniClass, MasterFormat)."
Timber & Carpentry,Timber & Boards,Self-Drilling Screw,Self-Drilling Screw - #8 x 25,box,,fastener,"Derived from common Singapore practice (BCA CDE Data Standard, iNPQS references) and international classification standards (ISO 6707, Uniclass 2015, OmniClass, MasterFormat)."
Timber & Carpentry,Timber & Boards,Self-Drilling Screw,Self-Drilling Screw - #8 x 50,box,,fastener,"Derived from common Singapore practice (BCA CDE Data Standard, iNPQS references) and international classification standards (ISO 6707, Uniclass 2015, OmniClass, MasterFormat)."
Timber & Carpentry,Timber & Boards,Self-Drilling Screw,Self-Drilling Screw - #10 x 25,box,,fastener,"Derived from common Singapore practice (BCA CDE Data Standard, iNPQS references) and international classification standards (ISO 6707, Uniclass 2015, OmniClass, MasterFormat)."
Timber & Carpentry,Timber & Boards,Self-Drilling Screw,Self-Drilling Screw - #10 x 50,box,,fastener,"Derived from common Singapore practice (BCA CDE Data Standard, iNPQS references) and international classification standards (ISO 6707, Uniclass 2015, OmniClass, MasterFormat)."
Timber & Carpentry,Timber & Boards,Self-Drilling Screw,Self-Drilling Screw - #12 x 50,box,,fastener,"Derived from common Singapore practice (BCA CDE Data Standard, iNPQS references) and international classification standards (ISO 6707, Uniclass 2015, OmniClass, MasterFormat)."
Timber & Carpentry,Timber & Boards,Self-Drilling Screw,Self-Drilling Screw - #12 x 75,box,,fastener,"Derived from common Singapore practice (BCA CDE Data Standard, iNPQS references) and international classification standards (ISO 6707, Uniclass 2015, OmniClass, MasterFormat)."
Timber & Carpentry,Timber & Boards,Common Nail,Common Nail - 25mm,box,,fastener,"Derived from common Singapore practice (BCA CDE Data Standard, iNPQS references) and international classification standards (ISO 6707, Uniclass 2015, OmniClass, MasterFormat)."
Timber & Carpentry,Timber & Boards,Common Nail,Common Nail - 38mm,box,,fastener,"Derived from common Singapore practice (BCA CDE Data Standard, iNPQS references) and international classification standards (ISO 6707, Uniclass 2015, OmniClass, MasterFormat)."
Timber & Carpentry,Timber & Boards,Common Nail,Common Nail - 50mm,box,,fastener,"Derived from common Singapore practice (BCA CDE Data Standard, iNPQS references) and international classification standards (ISO 6707, Uniclass 2015, OmniClass, MasterFormat)."
Timber & Carpentry,Timber & Boards,Common Nail,Common Nail - 63mm,box,,fastener,"Derived from common Singapore practice (BCA CDE Data Standard, iNPQS references) and international classification standards (ISO 6707, Uniclass 2015, OmniClass, MasterFormat)."
Timber & Carpentry,Timber & Boards,Common Nail,Common Nail - 75mm,box,,fastener,"Derived from common Singapore practice (BCA CDE Data Standard, iNPQS references) and international classification standards (ISO 6707, Uniclass 2015, OmniClass, MasterFormat)."
Timber & Carpentry,Timber & Boards,Common Nail,Common Nail - 90mm,box,,fastener,"Derived from common Singapore practice (BCA CDE Data Standard, iNPQS references) and international classification standards (ISO 6707, Uniclass 2015, OmniClass, MasterFormat)."
Timber & Carpentry,Timber & Boards,Common Nail,Common Nail - 100mm,box,,fastener,"Derived from common Singapore practice (BCA CDE Data Standard, iNPQS references) and international classification standards (ISO 6707, Uniclass 2015, OmniClass, MasterFormat)."
Timber & Carpentry,Timber & Boards,Common Nail,Common Nail - 125mm,box,,fastener,"Derived from common Singapore practice (BCA CDE Data Standard, iNPQS references) and international classification standards (ISO 6707, Uniclass 2015, OmniClass, MasterFormat)."
Timber & Carpentry,Timber & Boards,Common Nail,Common Nail - 150mm,box,,fastener,"Derived from common Singapore practice (BCA CDE Data Standard, iNPQS references) and international classification standards (ISO 6707, Uniclass 2015, OmniClass, MasterFormat)."
MEP - Mechanical (HVAC),Ductwork & Insulation,Volume Control Damper,Volume Control Damper - 200x200,each,,hvac;duct,"Derived from common Singapore practice (BCA CDE Data Standard, iNPQS references) and international classification standards (ISO 6707, Uniclass 2015, OmniClass, MasterFormat)."
MEP - Mechanical (HVAC),Ductwork & Insulation,Volume Control Damper,Volume Control Damper - 300x300,each,,hvac;duct,"Derived from common Singapore practice (BCA CDE Data Standard, iNPQS references) and international classification standards (ISO 6707, Uniclass 2015, OmniClass, MasterFormat)."
MEP - Mechanical (HVAC),Ductwork & Insulation,Volume Control Damper,Volume Control Damper - 400x400,each,,hvac;duct,"Derived from common Singapore practice (BCA CDE Data Standard, iNPQS references) and international classification standards (ISO 6707, Uniclass 2015, OmniClass, MasterFormat)."
MEP - Mechanical (HVAC),Ductwork & Insulation,Volume Control Damper,Volume Control Damper - 600x600,each,,hvac;duct,"Derived from common Singapore practice (BCA CDE Data Standard, iNPQS references) and international classification standards (ISO 6707, Uniclass 2015, OmniClass, MasterFormat)."
MEP - Mechanical (HVAC),Ductwork & Insulation,Volume Control Damper,Volume Control Damper - 800x800,each,,hvac;duct,"Derived from common Singapore practice (BCA CDE Data Standard, iNPQS references) and international classification standards (ISO 6707, Uniclass 2015, OmniClass, MasterFormat)."
MEP - Mechanical (HVAC),Ductwork & Insulation,Fire Damper,Fire Damper - 200x200,each,,hvac;duct,"Derived from common Singapore practice (BCA CDE Data Standard, iNPQS references) and international classification standards (ISO 6707, Uniclass 2015, OmniClass, MasterFormat)."
MEP - Mechanical (HVAC),Ductwork & Insulation,Fire Damper,Fire Damper - 300x300,each,,hvac;duct,"Derived from common Singapore practice (BCA CDE Data Standard, iNPQS references) and international classification standards (ISO 6707, Uniclass 2015, OmniClass, MasterFormat)."
MEP - Mechanical (HVAC),Ductwork & Insulation,Fire Damper,Fire Damper - 400x400,each,,hvac;duct,"Derived from common Singapore practice (BCA CDE Data Standard, iNPQS references) and international classification standards (ISO 6707, Uniclass 2015, OmniClass, MasterFormat)."
MEP - Mechanical (HVAC),Ductwork & Insulation,Fire Damper,Fire Damper - 600x600,each,,hvac;duct,"Derived from common Singapore practice (BCA CDE Data Standard, iNPQS references) and international classification standards (ISO 6707, Uniclass 2015, OmniClass, MasterFormat)."
MEP - Mechanical (HVAC),Ductwork & Insulation,Fire Damper,Fire Damper - 800x800,each,,hvac;duct,"Derived from common Singapore practice (BCA CDE Data Standard, iNPQS references) and international classification standards (ISO 6707, Uniclass 2015, OmniClass, MasterFormat)."
MEP - Mechanical (HVAC),Ductwork & Insulation,Air Diffuser,Air Diffuser - 200x200,each,,hvac;duct,"Derived from common Singapore practice (BCA CDE Data Standard, iNPQS references) and international classification standards (ISO 6707, Uniclass 2015, OmniClass, MasterFormat)."
MEP - Mechanical (HVAC),Ductwork & Insulation,Air Diffuser,Air Diffuser - 300x300,each,,hvac;duct,"Derived from common Singapore practice (BCA CDE Data Standard, iNPQS references) and international classification standards (ISO 6707, Uniclass 2015, OmniClass, MasterFormat)."
MEP - Mechanical (HVAC),Ductwork & Insulation,Air Diffuser,Air Diffuser - 400x400,each,,hvac;duct,"Derived from common Singapore practice (BCA CDE Data Standard, iNPQS references) and international classification standards (ISO 6707, Uniclass 2015, OmniClass, MasterFormat)."
MEP - Mechanical (HVAC),Ductwork & Insulation,Air Diffuser,Air Diffuser - 600x600,each,,hvac;duct,"Derived from common Singapore practice (BCA CDE Data Standard, iNPQS references) and international classification standards (ISO 6707, Uniclass 2015, OmniClass, MasterFormat)."
MEP - Mechanical (HVAC),Ductwork & Insulation,Air Diffuser,Air Diffuser - 800x800,each,,hvac;duct,"Derived from common Singapore practice (BCA CDE Data Standard, iNPQS references) and international classification standards (ISO 6707, Uniclass 2015, OmniClass, MasterFormat)."
MEP - Mechanical (HVAC),Ductwork & Insulation,Return Air Grille,Return Air Grille - 200x200,each,,hvac;duct,"Derived from common Singapore practice (BCA CDE Data Standard, iNPQS references) and international classification standards (ISO 6707, Uniclass 2015, OmniClass, MasterFormat)."
MEP - Mechanical (HVAC),Ductwork & Insulation,Return Air Grille,Return Air Grille - 300x300,each,,hvac;duct,"Derived from common Singapore practice (BCA CDE Data Standard, iNPQS references) and international classification standards (ISO 6707, Uniclass 2015, OmniClass, MasterFormat)."
MEP - Mechanical (HVAC),Ductwork & Insulation,Return Air Grille,Return Air Grille - 400x400,each,,hvac;duct,"Derived from common Singapore practice (BCA CDE Data Standard, iNPQS references) and international classification standards (ISO 6707, Uniclass 2015, OmniClass, MasterFormat)."
MEP - Mechanical (HVAC),Ductwork & Insulation,Return Air Grille,Return Air Grille - 600x600,each,,hvac;duct,"Derived from common Singapore practice (BCA CDE Data Standard, iNPQS references) and international classification standards (ISO 6707, Uniclass 2015, OmniClass, MasterFormat)."
MEP - Mechanical (HVAC),Ductwork & Insulation,Return Air Grille,Return Air Grille - 800x800,each,,hvac;duct,"Derived from common Singapore practice (BCA CDE Data Standard, iNPQS references) and international classification standards (ISO 6707, Uniclass 2015, OmniClass, MasterFormat)."
MEP - Electrical,Cables & Wires,Armored Cable 2C,Armored Cable 2C - 2.5sqmm,meter,,electrical;cable,"Derived from common Singapore practice (BCA CDE Data Standard, iNPQS references) and international classification standards (ISO 6707, Uniclass 2015, OmniClass, MasterFormat)."
MEP - Electrical,Cables & Wires,Armored Cable 2C,Armored Cable 2C - 4sqmm,meter,,electrical;cable,"Derived from common Singapore practice (BCA CDE Data Standard, iNPQS references) and international classification standards (ISO 6707, Uniclass 2015, OmniClass, MasterFormat)."
MEP - Electrical,Cables & Wires,Armored Cable 2C,Armored Cable 2C - 6sqmm,meter,,electrical;cable,"Derived from common Singapore practice (BCA CDE Data Standard, iNPQS references) and international classification standards (ISO 6707, Uniclass 2015, OmniClass, MasterFormat)."
MEP - Electrical,Cables & Wires,Armored Cable 2C,Armored Cable 2C - 10sqmm,meter,,electrical;cable,"Derived from common Singapore practice (BCA CDE Data Standard, iNPQS references) and international classification standards (ISO 6707, Uniclass 2015, OmniClass, MasterFormat)."
MEP - Electrical,Cables & Wires,Armored Cable 2C,Armored Cable 2C - 16sqmm,meter,,electrical;cable,"Derived from common Singapore practice (BCA CDE Data Standard, iNPQS references) and international classification standards (ISO 6707, Uniclass 2015, OmniClass, MasterFormat)."
MEP - Electrical,Cables & Wires,Armored Cable 3C,Armored Cable 3C - 2.5sqmm,meter,,electrical;cable,"Derived from common Singapore practice (BCA CDE Data Standard, iNPQS references) and international classification standards (ISO 6707, Uniclass 2015, OmniClass, MasterFormat)."
MEP - Electrical,Cables & Wires,Armored Cable 3C,Armored Cable 3C - 4sqmm,meter,,electrical;cable,"Derived from common Singapore practice (BCA CDE Data Standard, iNPQS references) and international classification standards (ISO 6707, Uniclass 2015, OmniClass, MasterFormat)."
MEP - Electrical,Cables & Wires,Armored Cable 3C,Armored Cable 3C - 6sqmm,meter,,electrical;cable,"Derived from common Singapore practice (BCA CDE Data Standard, iNPQS references) and international classification standards (ISO 6707, Uniclass 2015, OmniClass, MasterFormat)."
MEP - Electrical,Cables & Wires,Armored Cable 3C,Armored Cable 3C - 10sqmm,meter,,electrical;cable,"Derived from common Singapore practice (BCA CDE Data Standard, iNPQS references) and international classification standards (ISO 6707, Uniclass 2015, OmniClass, MasterFormat)."
MEP - Electrical,Cables & Wires,Armored Cable 3C,Armored Cable 3C - 16sqmm,meter,,electrical;cable,"Derived from common Singapore practice (BCA CDE Data Standard, iNPQS references) and international classification standards (ISO 6707, Uniclass 2015, OmniClass, MasterFormat)."
MEP - Electrical,Cables & Wires,Armored Cable 4C,Armored Cable 4C - 2.5sqmm,meter,,electrical;cable,"Derived from common Singapore practice (BCA CDE Data Standard, iNPQS references) and international classification standards (ISO 6707, Uniclass 2015, OmniClass, MasterFormat)."
MEP - Electrical,Cables & Wires,Armored Cable 4C,Armored Cable 4C - 4sqmm,meter,,electrical;cable,"Derived from common Singapore practice (BCA CDE Data Standard, iNPQS references) and international classification standards (ISO 6707, Uniclass 2015, OmniClass, MasterFormat)."
MEP - Electrical,Cables & Wires,Armored Cable 4C,Armored Cable 4C - 6sqmm,meter,,electrical;cable,"Derived from common Singapore practice (BCA CDE Data Standard, iNPQS references) and international classification standards (ISO 6707, Uniclass 2015, OmniClass, MasterFormat)."
MEP - Electrical,Cables & Wires,Armored Cable 4C,Armored Cable 4C - 10sqmm,meter,,electrical;cable,"Derived from common Singapore practice (BCA CDE Data Standard, iNPQS references) and international classification standards (ISO 6707, Uniclass 2015, OmniClass, MasterFormat)."
MEP - Electrical,Cables & Wires,Armored Cable 4C,Armored Cable 4C - 16sqmm,meter,,electrical;cable,"Derived from common Singapore practice (BCA CDE Data Standard, iNPQS references) and international classification standards (ISO 6707, Uniclass 2015, OmniClass, MasterFormat)."
MEP - Electrical,Cables & Wires,Armored Cable 5C,Armored Cable 5C - 2.5sqmm,meter,,electrical;cable,"Derived from common Singapore practice (BCA CDE Data Standard, iNPQS references) and international classification standards (ISO 6707, Uniclass 2015, OmniClass, MasterFormat)."
MEP - Electrical,Cables & Wires,Armored Cable 5C,Armored Cable 5C - 4sqmm,meter,,electrical;cable,"Derived from common Singapore practice (BCA CDE Data Standard, iNPQS references) and international classification standards (ISO 6707, Uniclass 2015, OmniClass, MasterFormat)."
MEP - Electrical,Cables & Wires,Armored Cable 5C,Armored Cable 5C - 6sqmm,meter,,electrical;cable,"Derived from common Singapore practice (BCA CDE Data Standard, iNPQS references) and international classification standards (ISO 6707, Uniclass 2015, OmniClass, MasterFormat)."
MEP - Electrical,Cables & Wires,Armored Cable 5C,Armored Cable 5C - 10sqmm,meter,,electrical;cable,"Derived from common Singapore practice (BCA CDE Data Standard, iNPQS references) and international classification standards (ISO 6707, Uniclass 2015, OmniClass, MasterFormat)."
MEP - Electrical,Cables & Wires,Armored Cable 5C,Armored Cable 5C - 16sqmm,meter,,electrical;cable,"Derived from common Singapore practice (BCA CDE Data Standard, iNPQS references) and international classification standards (ISO 6707, Uniclass 2015, OmniClass, MasterFormat)."
MEP - Electrical,Cables & Wires,Armored Cable 8C,Armored Cable 8C - 2.5sqmm,meter,,electrical;cable,"Derived from common Singapore practice (BCA CDE Data Standard, iNPQS references) and international classification standards (ISO 6707, Uniclass 2015, OmniClass, MasterFormat)."
MEP - Electrical,Cables & Wires,Armored Cable 8C,Armored Cable 8C - 4sqmm,meter,,electrical;cable,"Derived from common Singapore practice (BCA CDE Data Standard, iNPQS references) and international classification standards (ISO 6707, Uniclass 2015, OmniClass, MasterFormat)."
MEP - Electrical,Cables & Wires,Armored Cable 8C,Armored Cable 8C - 6sqmm,meter,,electrical;cable,"Derived from common Singapore practice (BCA CDE Data Standard, iNPQS references) and international classification standards (ISO 6707, Uniclass 2015, OmniClass, MasterFormat)."
MEP - Electrical,Cables & Wires,Armored Cable 8C,Armored Cable 8C - 10sqmm,meter,,electrical;cable,"Derived from common Singapore practice (BCA CDE Data Standard, iNPQS references) and international classification standards (ISO 6707, Uniclass 2015, OmniClass, MasterFormat)."
MEP - Electrical,Cables & Wires,Armored Cable 8C,Armored Cable 8C - 16sqmm,meter,,electrical;cable,"Derived from common Singapore practice (BCA CDE Data Standard, iNPQS references) and international classification standards (ISO 6707, Uniclass 2015, OmniClass, MasterFormat)."
MEP - Electrical,Cables & Wires,Armored Cable 12C,Armored Cable 12C - 2.5sqmm,meter,,electrical;cable,"Derived from common Singapore practice (BCA CDE Data Standard, iNPQS references) and international classification standards (ISO 6707, Uniclass 2015, OmniClass, MasterFormat)."
MEP - Electrical,Cables & Wires,Armored Cable 12C,Armored Cable 12C - 4sqmm,meter,,electrical;cable,"Derived from common Singapore practice (BCA CDE Data Standard, iNPQS references) and international classification standards (ISO 6707, Uniclass 2015, OmniClass, MasterFormat)."
MEP - Electrical,Cables & Wires,Armored Cable 12C,Armored Cable 12C - 6sqmm,meter,,electrical;cable,"Derived from common Singapore practice (BCA CDE Data Standard, iNPQS references) and international classification standards (ISO 6707, Uniclass 2015, OmniClass, MasterFormat)."
MEP - Electrical,Cables & Wires,Armored Cable 12C,Armored Cable 12C - 10sqmm,meter,,electrical;cable,"Derived from common Singapore practice (BCA CDE Data Standard, iNPQS references) and international classification standards (ISO 6707, Uniclass 2015, OmniClass, MasterFormat)."
MEP - Electrical,Cables & Wires,Armored Cable 12C,Armored Cable 12C - 16sqmm,meter,,electrical;cable,"Derived from common Singapore practice (BCA CDE Data Standard, iNPQS references) and international classification standards (ISO 6707, Uniclass 2015, OmniClass, MasterFormat)."
Structural Steel,Structural Sections,Mild Steel Sheet,Mild Steel Sheet - 3mm,square_meter,,steel,"Derived from common Singapore practice (BCA CDE Data Standard, iNPQS references) and international classification standards (ISO 6707, Uniclass 2015, OmniClass, MasterFormat)."
Structural Steel,Structural Sections,Mild Steel Sheet,Mild Steel Sheet - 4mm,square_meter,,steel,"Derived from common Singapore practice (BCA CDE Data Standard, iNPQS references) and international classification standards (ISO 6707, Uniclass 2015, OmniClass, MasterFormat)."
Structural Steel,Structural Sections,Mild Steel Sheet,Mild Steel Sheet - 5mm,square_meter,,steel,"Derived from common Singapore practice (BCA CDE Data Standard, iNPQS references) and international classification standards (ISO 6707, Uniclass 2015, OmniClass, MasterFormat)."
Structural Steel,Structural Sections,Mild Steel Sheet,Mild Steel Sheet - 6mm,square_meter,,steel,"Derived from common Singapore practice (BCA CDE Data Standard, iNPQS references) and international classification standards (ISO 6707, Uniclass 2015, OmniClass, MasterFormat)."
Structural Steel,Structural Sections,Mild Steel Sheet,Mild Steel Sheet - 8mm,square_meter,,steel,"Derived from common Singapore practice (BCA CDE Data Standard, iNPQS references) and international classification standards (ISO 6707, Uniclass 2015, OmniClass, MasterFormat)."
Structural Steel,Structural Sections,Mild Steel Sheet,Mild Steel Sheet - 10mm,square_meter,,steel,"Derived from common Singapore practice (BCA CDE Data Standard, iNPQS references) and international classification standards (ISO 6707, Uniclass 2015, OmniClass, MasterFormat)."
Structural Steel,Structural Sections,Mild Steel Sheet,Mild Steel Sheet - 12mm,square_meter,,steel,"Derived from common Singapore practice (BCA CDE Data Standard, iNPQS references) and international classification standards (ISO 6707, Uniclass 2015, OmniClass, MasterFormat)."
Structural Steel,Structural Sections,Mild Steel Sheet,Mild Steel Sheet - 16mm,square_meter,,steel,"Derived from common Singapore practice (BCA CDE Data Standard, iNPQS references) and international classification standards (ISO 6707, Uniclass 2015, OmniClass, MasterFormat)."
Structural Steel,Structural Sections,Mild Steel Sheet,Mild Steel Sheet - 20mm,square_meter,,steel,"Derived from common Singapore practice (BCA CDE Data Standard, iNPQS references) and international classification standards (ISO 6707, Uniclass 2015, OmniClass, MasterFormat)."
Structural Steel,Structural Sections,Stainless Steel Sheet,Stainless Steel Sheet - 3mm,square_meter,,steel,"Derived from common Singapore practice (BCA CDE Data Standard, iNPQS references) and international classification standards (ISO 6707, Uniclass 2015, OmniClass, MasterFormat)."
Structural Steel,Structural Sections,Stainless Steel Sheet,Stainless Steel Sheet - 4mm,square_meter,,steel,"Derived from common Singapore practice (BCA CDE Data Standard, iNPQS references) and international classification standards (ISO 6707, Uniclass 2015, OmniClass, MasterFormat)."
Structural Steel,Structural Sections,Stainless Steel Sheet,Stainless Steel Sheet - 5mm,square_meter,,steel,"Derived from common Singapore practice (BCA CDE Data Standard, iNPQS references) and international classification standards (ISO 6707, Uniclass 2015, OmniClass, MasterFormat)."
Structural Steel,Structural Sections,Stainless Steel Sheet,Stainless Steel Sheet - 6mm,square_meter,,steel,"Derived from common Singapore practice (BCA CDE Data Standard, iNPQS references) and international classification standards (ISO 6707, Uniclass 2015, OmniClass, MasterFormat)."
Structural Steel,Structural Sections,Stainless Steel Sheet,Stainless Steel Sheet - 8mm,square_meter,,steel,"Derived from common Singapore practice (BCA CDE Data Standard, iNPQS references) and international classification standards (ISO 6707, Uniclass 2015, OmniClass, MasterFormat)."
Structural Steel,Structural Sections,Stainless Steel Sheet,Stainless Steel Sheet - 10mm,square_meter,,steel,"Derived from common Singapore practice (BCA CDE Data Standard, iNPQS references) and international classification standards (ISO 6707, Uniclass 2015, OmniClass, MasterFormat)."
Structural Steel,Structural Sections,Stainless Steel Sheet,Stainless Steel Sheet - 12mm,square_meter,,steel,"Derived from common Singapore practice (BCA CDE Data Standard, iNPQS references) and international classification standards (ISO 6707, Uniclass 2015, OmniClass, MasterFormat)."
Structural Steel,Structural Sections,Stainless Steel Sheet,Stainless Steel Sheet - 16mm,square_meter,,steel,"Derived from common Singapore practice (BCA CDE Data Standard, iNPQS references) and international classification standards (ISO 6707, Uniclass 2015, OmniClass, MasterFormat)."
Structural Steel,Structural Sections,Stainless Steel Sheet,Stainless Steel Sheet - 20mm,square_meter,,steel,"Derived from common Singapore practice (BCA CDE Data Standard, iNPQS references) and international classification standards (ISO 6707, Uniclass 2015, OmniClass, MasterFormat)."